antecedent_id,consequent_id,support,confidence,lift,antecedent_name,consequent_name,antecedent_brand,consequent_brand,same_brand,antecedent_price,consequent_price,semantic_similarity
1261,198,0.000744324525493115,0.6666666666666666,597.1111111111111,Sữa Rửa Mặt St.Ives Dạng Gel - St.Ives Daily Facial Cleaner Gel 200ml,Sữa Rửa Mặt St.Ives - St.Ives sữa rửa mặt tẩy tế bào chết dịu nhẹ 170g,St. Ives,St. Ives,True,139000.0,102000.0,0.46917569320992475
198,1261,0.000744324525493115,0.6666666666666666,597.1111111111111,Sữa Rửa Mặt St.Ives - St.Ives sữa rửa mặt tẩy tế bào chết dịu nhẹ 170g,Sữa Rửa Mặt St.Ives Dạng Gel - St.Ives Daily Facial Cleaner Gel 200ml,St. Ives,St. Ives,True,102000.0,139000.0,0.46917569320992475
1102,1699,0.000744324525493115,0.4444444444444444,398.0740740740741,SỮA RỬA MẶT TRÀ XANH GREEN TEA 3W CLINIC HÀN QUỐC 100ML,SỮA RỬA MẶT GẠO BROWN RICE FOAM CLEANSING 3W CILINIC HÀN QUỐC 100ML,3W CLINIC,3W CLINIC,True,35000.0,35000.0,0.4679542612692767
1699,1102,0.000744324525493115,0.6666666666666666,398.0740740740741,SỮA RỬA MẶT GẠO BROWN RICE FOAM CLEANSING 3W CILINIC HÀN QUỐC 100ML,SỮA RỬA MẶT TRÀ XANH GREEN TEA 3W CLINIC HÀN QUỐC 100ML,3W CLINIC,3W CLINIC,True,35000.0,35000.0,0.4679542612692767
1599,2222,0.000744324525493115,0.26666666666666666,286.61333333333334,Sữa Rửa Mặt Herb Day 365 Cleansing Foam 170ML,Sữa rửa mặt Herbday 365 mẫu mới 170ml của The Face Shop,The Faceshop,The Faceshop,True,90000.0,105000.0,0.6995327551696305
2222,1599,0.000744324525493115,0.8,286.61333333333334,Sữa rửa mặt Herbday 365 mẫu mới 170ml của The Face Shop,Sữa Rửa Mặt Herb Day 365 Cleansing Foam 170ML,The Faceshop,The Faceshop,True,105000.0,90000.0,0.6995327551696305
2073,169,0.0005582433941198362,0.6,268.7,Sữa rửa mặt Garnier Skinactive 3in1 Tonerde của Đức,Sữa rửa mặt Garnier 3 in 1 chính hãng Nga,Garnier,Garnier,True,170000.0,149000.0,0.6341894188437315
169,2073,0.0005582433941198362,0.25,268.7,Sữa rửa mặt Garnier 3 in 1 chính hãng Nga,Sữa rửa mặt Garnier Skinactive 3in1 Tonerde của Đức,Garnier,Garnier,True,149000.0,170000.0,0.6341894188437315
624,723,0.00148864905098623,0.38095238095238093,227.47089947089947,✅[Chính hãng BABE] Gel rửa mặt dịu nhẹ Babe Stop AKN Purifying Cleansing Gel,"✅[Hàng Auth_Giá Sỉ] Gel rửa mặt, giảm nhờn, ngừa mụn ISIS Pharma Teen Derm Gel 150ml",no_brand,ISISPHARMA,False,239000.0,199000.0,0.3831334750167319
723,624,0.00148864905098623,0.8888888888888888,227.47089947089944,"✅[Hàng Auth_Giá Sỉ] Gel rửa mặt, giảm nhờn, ngừa mụn ISIS Pharma Teen Derm Gel 150ml",✅[Chính hãng BABE] Gel rửa mặt dịu nhẹ Babe Stop AKN Purifying Cleansing Gel,ISISPHARMA,no_brand,False,199000.0,239000.0,0.3831334750167319
411,1296,0.000744324525493115,0.25,223.91666666666669,[Mã BMLT30 giảm đến 30K đơn 299K] Gel rửa mặt ngăn ngừa mụn Truesky Centella Cleanser chiết xuất rau má 50g,[Mã BMLT30 giảm đến 30K đơn 299K] Sữa rửa mặt sáng da và dưỡng ẩm Truesky Glutathione Cleanser chiết xuất sữa dê 50g,TRUESKY,TRUESKY,True,55000.0,65000.0,0.2960120500804332
1296,411,0.000744324525493115,0.6666666666666666,223.91666666666663,[Mã BMLT30 giảm đến 30K đơn 299K] Sữa rửa mặt sáng da và dưỡng ẩm Truesky Glutathione Cleanser chiết xuất sữa dê 50g,[Mã BMLT30 giảm đến 30K đơn 299K] Gel rửa mặt ngăn ngừa mụn Truesky Centella Cleanser chiết xuất rau má 50g,TRUESKY,TRUESKY,True,65000.0,55000.0,0.2960120500804332
107,246,0.0018608113137327876,0.3448275862068966,185.31034482758622,[XẢ KHO] Sữa rửa mặt Whoo vàng hoàng cung 40ml,[XẢ KHO] SỮA RỬA MẶT CẤP NƯỚC CHỐNG OXY HOÁ WHOO HỒNG 40ML,no_brand,no_brand,True,67000.0,79000.0,0.15965640429649317
246,107,0.0018608113137327876,1.0,185.3103448275862,[XẢ KHO] SỮA RỬA MẶT CẤP NƯỚC CHỐNG OXY HOÁ WHOO HỒNG 40ML,[XẢ KHO] Sữa rửa mặt Whoo vàng hoàng cung 40ml,no_brand,no_brand,True,79000.0,67000.0,0.15965640429649317
407,727,0.0013025679196129512,0.30434782608695654,181.72946859903382,Sữa Rửa Mặt Acnes Vitamin Cleanser 25g tiện để túi và mang đi du lịch.,[ Mẫu 40g ]Sữa Rửa Mặt Pond's Đất Sét Sạch Sâu Sáng Mịn (40g ),Acnes,Pond’s,False,8000.0,11000.0,-0.15321064034112308
727,407,0.0013025679196129512,0.7777777777777778,181.7294685990338,[ Mẫu 40g ]Sữa Rửa Mặt Pond's Đất Sét Sạch Sâu Sáng Mịn (40g ),Sữa Rửa Mặt Acnes Vitamin Cleanser 25g tiện để túi và mang đi du lịch.,Pond’s,Acnes,False,11000.0,8000.0,-0.15321064034112308
4,665,0.0005582433941198362,0.0967741935483871,173.35483870967744,🌈🍒🍭 Sữa Rửa Mặt Senana Lấy Sạch Bụi Bẩn Giúp Da Trắng Sáng-Y3-K6T3,"6518 B5 [ Siêu To 300gr ] Sữa Rửa Mặt Baizton Centella Chiết Xuất Rau Má Làm Dịu Da, Lấy Sạch Bụi Bẩn Giúp Da Trắng Sáng",no_brand,no_brand,True,9900.0,42000.0,0.12590960220925215
665,4,0.0005582433941198362,1.0,173.3548387096774,"6518 B5 [ Siêu To 300gr ] Sữa Rửa Mặt Baizton Centella Chiết Xuất Rau Má Làm Dịu Da, Lấy Sạch Bụi Bẩn Giúp Da Trắng Sáng",🌈🍒🍭 Sữa Rửa Mặt Senana Lấy Sạch Bụi Bẩn Giúp Da Trắng Sáng-Y3-K6T3,no_brand,no_brand,True,42000.0,9900.0,0.12590960220925215
407,1429,0.0009304056568663938,0.21739130434782608,166.89440993788818,Sữa Rửa Mặt Acnes Vitamin Cleanser 25g tiện để túi và mang đi du lịch.,[ Hàng Mẫu Dùng Thử ] Sữa Rửa mặt Trắng Da Bùn Non Acnes Baby Mud 25g,Acnes,Acnes,True,8000.0,8500.0,0.34458172135342113
1429,407,0.0009304056568663938,0.7142857142857143,166.89440993788818,[ Hàng Mẫu Dùng Thử ] Sữa Rửa mặt Trắng Da Bùn Non Acnes Baby Mud 25g,Sữa Rửa Mặt Acnes Vitamin Cleanser 25g tiện để túi và mang đi du lịch.,Acnes,Acnes,True,8500.0,8000.0,0.34458172135342113
1383,593,0.0020468924451060664,0.6875,153.94270833333334,Sữa rửa mặt tạo bọt ma:nyo Pore Cleansing Soda Foam 150ml,Bộ Dụng Cụ Vệ Sinh Mano: 1000 Chuyên Dụng Chất Lượng Cao,ma:nyo,ma:nyo,True,350000.0,307500.0,0.43664584544478907
593,1383,0.0020468924451060664,0.4583333333333333,153.94270833333331,Bộ Dụng Cụ Vệ Sinh Mano: 1000 Chuyên Dụng Chất Lượng Cao,Sữa rửa mặt tạo bọt ma:nyo Pore Cleansing Soda Foam 150ml,ma:nyo,ma:nyo,True,307500.0,350000.0,0.43664584544478907
2,52,0.003721622627465575,0.7407407407407407,132.69135802469134,"Sữa rửa mặt nam 30Shine phân phối chính hãng Skin&dr Tràm trà 80g cho da mụn, da dầu, dưỡng ẩm trắng da",Sữa Rửa Mặt Cho Nam Skin&Dr Than Hoạt Tính 100g - Trắng da kiềm dầu,Skin&Dr	,Skin&Dr	,True,244000.0,179000.0,0.23551414342955224
52,2,0.003721622627465575,0.6666666666666666,132.69135802469134,Sữa Rửa Mặt Cho Nam Skin&Dr Than Hoạt Tính 100g - Trắng da kiềm dầu,"Sữa rửa mặt nam 30Shine phân phối chính hãng Skin&dr Tràm trà 80g cho da mụn, da dầu, dưỡng ẩm trắng da",Skin&Dr	,Skin&Dr	,True,179000.0,244000.0,0.23551414342955224
281,83,0.0016747301823595087,0.391304347826087,116.82608695652175,Sữa rửa mặt ngừa lão hóa Bi-Essence BioGold BioEssence Gold Cleanser chiết xuất vàng 24k 100g,Sữa rửa mặt dưỡng da tươi sáng và căng mọng Bio-essence Bio-Bird's Nest Collagen Cleanser 100g,Bio-essence,Bio-essence,True,135000.0,139000.0,0.38589799057865803
83,281,0.0016747301823595087,0.5,116.82608695652173,Sữa rửa mặt dưỡng da tươi sáng và căng mọng Bio-essence Bio-Bird's Nest Collagen Cleanser 100g,Sữa rửa mặt ngừa lão hóa Bi-Essence BioGold BioEssence Gold Cleanser chiết xuất vàng 24k 100g,Bio-essence,Bio-essence,True,139000.0,135000.0,0.38589799057865803
1581,614,0.0013025679196129512,0.6363636363636364,110.31671554252199,Sữa Rửa Mặt Than Hoạt Tính 3W Clinic Charcoal Foam Cleansing 100ml,Sữa rửa mặt 3w Clinic Cleansing Foam 100ml,3W CLINIC,3W CLINIC,True,30000.0,29500.0,0.5495428548349572
614,1581,0.0013025679196129512,0.22580645161290322,110.31671554252198,Sữa rửa mặt 3w Clinic Cleansing Foam 100ml,Sữa Rửa Mặt Than Hoạt Tính 3W Clinic Charcoal Foam Cleansing 100ml,3W CLINIC,3W CLINIC,True,29500.0,30000.0,0.5495428548349572
975,83,0.000744324525493115,0.36363636363636365,108.56565656565657,Sữa rửa mặt dưỡng da tươi trẻ (cho da khô) Bio-Essence Bio-Renew tinh chất sữa ong chúa 100g,Sữa rửa mặt dưỡng da tươi sáng và căng mọng Bio-essence Bio-Bird's Nest Collagen Cleanser 100g,Bio-essence,Bio-essence,True,145000.0,139000.0,0.3398111325219395
83,975,0.000744324525493115,0.2222222222222222,108.56565656565655,Sữa rửa mặt dưỡng da tươi sáng và căng mọng Bio-essence Bio-Bird's Nest Collagen Cleanser 100g,Sữa rửa mặt dưỡng da tươi trẻ (cho da khô) Bio-Essence Bio-Renew tinh chất sữa ong chúa 100g,Bio-essence,Bio-essence,True,139000.0,145000.0,0.3398111325219395
1021,240,0.00148864905098623,0.4,107.48,Sữa rửa mặt dưỡng trắng và ngăn ngừa mụn Acnes Pure White Cleanser 100g,Kem rửa mặt ngăn ngừa mụn Acnes Creamy Wash 100g,Acnes,Acnes,True,56000.0,56000.0,0.44344209094200765
240,1021,0.00148864905098623,0.4,107.48,Kem rửa mặt ngăn ngừa mụn Acnes Creamy Wash 100g,Sữa rửa mặt dưỡng trắng và ngăn ngừa mụn Acnes Pure White Cleanser 100g,Acnes,Acnes,True,56000.0,56000.0,0.44344209094200765
1646,614,0.0005582433941198362,0.6,104.01290322580644,Sữa Rửa Mặt Chiết Xuất Từ Gạo 3W Clinic Brown Rice Foam Cleansing 100ml,Sữa rửa mặt 3w Clinic Cleansing Foam 100ml,3W CLINIC,3W CLINIC,True,30000.0,29500.0,0.5021507699707614
614,1646,0.0005582433941198362,0.0967741935483871,104.01290322580644,Sữa rửa mặt 3w Clinic Cleansing Foam 100ml,Sữa Rửa Mặt Chiết Xuất Từ Gạo 3W Clinic Brown Rice Foam Cleansing 100ml,3W CLINIC,3W CLINIC,True,29500.0,30000.0,0.5021507699707614
1354,1515,0.0011164867882396724,0.20689655172413793,101.07836990595611, Sữa Rửa Mặt 3W CLINIC 100ml Hàn Quốc,Sữa Rửa Mặt My Gold Hồng Sâm Hàn Quốc,no_brand,no_brand,True,23456.0,25900.0,0.1249628652449872
1515,1354,0.0011164867882396724,0.5454545454545454,101.07836990595611,Sữa Rửa Mặt My Gold Hồng Sâm Hàn Quốc, Sữa Rửa Mặt 3W CLINIC 100ml Hàn Quốc,no_brand,no_brand,True,25900.0,23456.0,0.1249628652449872
302,176,0.0005582433941198362,0.23076923076923078,88.58241758241759,Sữa Rửa Mặt Gạo RICE MILK THAILAND,Sữa Rửa Mặt BIOAQUA Vị Đào NO.BQY72653,no_brand,no_brand,True,22999.0,13999.0,0.04557439698953591
2026,1642,0.0005582433941198362,0.23076923076923078,88.58241758241759, Sữa rửa mặt thảo mộc Fraijour,Sữa rửa mặt Thảo mộc Fraijour,no_brand,no_brand,True,130000.0,129000.0,0.20301169987512382
176,302,0.0005582433941198362,0.21428571428571427,88.58241758241758,Sữa Rửa Mặt BIOAQUA Vị Đào NO.BQY72653,Sữa Rửa Mặt Gạo RICE MILK THAILAND,no_brand,no_brand,True,13999.0,22999.0,0.04557439698953591
1642,2026,0.0005582433941198362,0.21428571428571427,88.58241758241758,Sữa rửa mặt Thảo mộc Fraijour, Sữa rửa mặt thảo mộc Fraijour,no_brand,no_brand,True,129000.0,130000.0,0.20301169987512382
696,281,0.0005582433941198362,0.375,87.6195652173913,Sữa rửa mặt dưỡng da (da dầu & hỗn hợp) Bio-Renew Bio-Essence Foamy Cleanser cấp ẩm và phục hồi 100g,Sữa rửa mặt ngừa lão hóa Bi-Essence BioGold BioEssence Gold Cleanser chiết xuất vàng 24k 100g,Bio-essence,Bio-essence,True,145000.0,135000.0,0.42473249495885895
281,696,0.0005582433941198362,0.13043478260869565,87.6195652173913,Sữa rửa mặt ngừa lão hóa Bi-Essence BioGold BioEssence Gold Cleanser chiết xuất vàng 24k 100g,Sữa rửa mặt dưỡng da (da dầu & hỗn hợp) Bio-Renew Bio-Essence Foamy Cleanser cấp ẩm và phục hồi 100g,Bio-essence,Bio-essence,True,135000.0,145000.0,0.42473249495885895
1354,302,0.0011164867882396724,0.20689655172413793,85.52785145888595, Sữa Rửa Mặt 3W CLINIC 100ml Hàn Quốc,Sữa Rửa Mặt Gạo RICE MILK THAILAND,no_brand,no_brand,True,23456.0,22999.0,0.03416814150061372
302,1354,0.0011164867882396724,0.46153846153846156,85.52785145888595,Sữa Rửa Mặt Gạo RICE MILK THAILAND, Sữa Rửa Mặt 3W CLINIC 100ml Hàn Quốc,no_brand,no_brand,True,22999.0,23456.0,0.03416814150061372
658,612,0.0026051358392259025,0.875,82.49561403508773,Sữa rửa mặt COSRX Salicylic Axit 0.5% 150ml tái tạo da hiệu quả,Sữa rửa mặt dạng gel COSRX 50ml chiết xuất trà xanh độ pH thấp cho buổi sáng,COSRX,COSRX,True,125905.0,90000.0,0.7418940711304135
612,658,0.0026051358392259025,0.24561403508771928,82.49561403508771,Sữa rửa mặt dạng gel COSRX 50ml chiết xuất trà xanh độ pH thấp cho buổi sáng,Sữa rửa mặt COSRX Salicylic Axit 0.5% 150ml tái tạo da hiệu quả,COSRX,COSRX,True,90000.0,125905.0,0.7418940711304135
1207,324,0.0005582433941198362,0.1875,77.50961538461539,Sữa Rửa Mặt Thefaceshop Herb Day 365 Master Blending Facial Foaming Cleanser Mung Bean & Mugwort 170Ml,Sữa Rửa Mặt Làm Sáng Da Thefaceshop Rice Water Bright Facial Foaming Cleanser 150ml,The Faceshop,The Faceshop,True,199000.0,269000.0,0.5345651088278118
324,1207,0.0005582433941198362,0.23076923076923078,77.50961538461539,Sữa Rửa Mặt Làm Sáng Da Thefaceshop Rice Water Bright Facial Foaming Cleanser 150ml,Sữa Rửa Mặt Thefaceshop Herb Day 365 Master Blending Facial Foaming Cleanser Mung Bean & Mugwort 170Ml,The Faceshop,The Faceshop,True,269000.0,199000.0,0.5345651088278118
980,536,0.000744324525493115,0.5,76.77142857142857,Sữa Rửa Mặt Cho Da Dầu Mụn hàng balan 200ml,Sữa Rửa Mặt Ziajaa Chiết Xuất Từ Lá Manuka Cho Da Dầu Mụn (bill ảnh tiếp),no_brand,ziaja,False,119000.0,109000.0,0.20918123158864055
536,980,0.000744324525493115,0.11428571428571428,76.77142857142856,Sữa Rửa Mặt Ziajaa Chiết Xuất Từ Lá Manuka Cho Da Dầu Mụn (bill ảnh tiếp),Sữa Rửa Mặt Cho Da Dầu Mụn hàng balan 200ml,ziaja,no_brand,False,109000.0,119000.0,0.20918123158864055
394,1190,0.0005582433941198362,0.2,71.65333333333334,✅[CHÍNH HÃNG] Eucerin Proacne Cleasing Gel - Gel Rửa Mặt Dành Cho Da Nhờn Mụn 200ml,✅ Eucerin Sữa Rửa Mặt Dạng Gel Dành Cho Da Nhờn Mụn ProAcne Cleansing 200ml(2024),Eucerin,Eucerin,True,229000.0,230000.0,0.7137457114475252
1190,394,0.0005582433941198362,0.2,71.65333333333334,✅ Eucerin Sữa Rửa Mặt Dạng Gel Dành Cho Da Nhờn Mụn ProAcne Cleansing 200ml(2024),✅[CHÍNH HÃNG] Eucerin Proacne Cleasing Gel - Gel Rửa Mặt Dành Cho Da Nhờn Mụn 200ml,Eucerin,Eucerin,True,230000.0,229000.0,0.7137457114475252
150,634,0.0005582433941198362,0.1,67.175,Sữa rửa mặt colagen,Sữa rửa mặt E100 tinh chất Sữa bò tươi,no_brand,E100,False,23000.0,22000.0,0.025050051033984926
634,150,0.0005582433941198362,0.375,67.175,Sữa rửa mặt E100 tinh chất Sữa bò tươi,Sữa rửa mặt colagen,E100,no_brand,False,22000.0,23000.0,0.025050051033984926
91,150,0.0005582433941198362,0.375,67.175,Sữa Rửa Mặt Hồng Sâm Đỏ Hàn Quốc My Gold,Sữa rửa mặt colagen,no_brand,no_brand,True,23000.0,23000.0,0.1216045928776355
150,91,0.0005582433941198362,0.1,67.175,Sữa rửa mặt colagen,Sữa Rửa Mặt Hồng Sâm Đỏ Hàn Quốc My Gold,no_brand,no_brand,True,23000.0,23000.0,0.1216045928776355
1354,176,0.0009304056568663938,0.1724137931034483,66.18226600985223, Sữa Rửa Mặt 3W CLINIC 100ml Hàn Quốc,Sữa Rửa Mặt BIOAQUA Vị Đào NO.BQY72653,no_brand,no_brand,True,23456.0,13999.0,0.22712338341814248
176,1354,0.0009304056568663938,0.35714285714285715,66.18226600985221,Sữa Rửa Mặt BIOAQUA Vị Đào NO.BQY72653, Sữa Rửa Mặt 3W CLINIC 100ml Hàn Quốc,no_brand,no_brand,True,13999.0,23456.0,0.22712338341814248
941,1257,0.000744324525493115,0.14285714285714285,63.97619047619048,Gel rửa mặt Himalaya Neem ngừa & giảm mụn /Chanh vàng trắng da 150ml,"[Date SALE] Gel rửa mặt Himalaya Lá Neem ngừa, giảm mụn/Chanh vàng dưỡng trắng da",Himalaya,Himalaya,True,64000.0,44000.0,0.6679183024983442
1257,941,0.000744324525493115,0.3333333333333333,63.976190476190474,"[Date SALE] Gel rửa mặt Himalaya Lá Neem ngừa, giảm mụn/Chanh vàng dưỡng trắng da",Gel rửa mặt Himalaya Neem ngừa & giảm mụn /Chanh vàng trắng da 150ml,Himalaya,Himalaya,True,44000.0,64000.0,0.6679183024983442
461,765,0.0005582433941198362,0.2727272727272727,58.625454545454545,(bill) Sữa Rửa Mặt Rosette Nhật Bản 120g,Sữa rửa mặt Kose Softymo Nhật Bản 220g,no_brand,no_brand,True,67500.0,84500.0,0.3010879946748348
765,461,0.0005582433941198362,0.12,58.62545454545454,Sữa rửa mặt Kose Softymo Nhật Bản 220g,(bill) Sữa Rửa Mặt Rosette Nhật Bản 120g,no_brand,no_brand,True,84500.0,67500.0,0.3010879946748348
1190,339,0.0005582433941198362,0.2,56.568421052631585,✅ Eucerin Sữa Rửa Mặt Dạng Gel Dành Cho Da Nhờn Mụn ProAcne Cleansing 200ml(2024),(Date 2024) EUCERIN GEL RỬA MẶT DÀNH CHO DA NHỜN MỤN PROACNE CLEANSING 200ML,Eucerin,Eucerin,True,230000.0,230000.0,0.7215534412048051
339,1190,0.0005582433941198362,0.15789473684210525,56.56842105263157,(Date 2024) EUCERIN GEL RỬA MẶT DÀNH CHO DA NHỜN MỤN PROACNE CLEANSING 200ML,✅ Eucerin Sữa Rửa Mặt Dạng Gel Dành Cho Da Nhờn Mụn ProAcne Cleansing 200ml(2024),Eucerin,Eucerin,True,230000.0,230000.0,0.7215534412048051
409,498,0.0013025679196129512,0.5384615384615384,53.58689458689459,GEL RỬA MĂT LA ROCHE POSAY,"SỮA RỬA MẶT LA ROCHE POSAY CHO DA DẦU, MỤN, NHẠY CẢM EFFACLAR PURIFYING FOAMING GEL CHÍNH HÃNG 100%",La Roche-Posay,La Roche-Posay,True,59500.0,237500.0,0.5218934924405885
498,409,0.0013025679196129512,0.12962962962962962,53.58689458689459,"SỮA RỬA MẶT LA ROCHE POSAY CHO DA DẦU, MỤN, NHẠY CẢM EFFACLAR PURIFYING FOAMING GEL CHÍNH HÃNG 100%",GEL RỬA MĂT LA ROCHE POSAY,La Roche-Posay,La Roche-Posay,True,237500.0,59500.0,0.5218934924405885
91,38,0.000744324525493115,0.5,51.67307692307693,Sữa Rửa Mặt Hồng Sâm Đỏ Hàn Quốc My Gold,Sữa Rửa Mặt 3W Clinic Mẫu Mới Hot,no_brand,3W CLINIC,False,23000.0,22500.0,-0.14747224463995245
38,91,0.000744324525493115,0.07692307692307693,51.67307692307692,Sữa Rửa Mặt 3W Clinic Mẫu Mới Hot,Sữa Rửa Mặt Hồng Sâm Đỏ Hàn Quốc My Gold,3W CLINIC,no_brand,False,22500.0,23000.0,-0.14747224463995245
190,74,0.0005582433941198362,0.15789473684210525,47.14035087719298,SỬA RỬA MẶT INNIS TRÀ XANH,Sữa Rửa Mặt ĐÀO TƯƠI BIOAQUA,no_brand,no_brand,True,26500.0,14000.0,-0.009749551528726478
74,190,0.0005582433941198362,0.16666666666666666,47.14035087719298,Sữa Rửa Mặt ĐÀO TƯƠI BIOAQUA,SỬA RỬA MẶT INNIS TRÀ XANH,no_brand,no_brand,True,14000.0,26500.0,-0.009749551528726478
88,1380,0.0013025679196129512,0.22580645161290322,46.67245657568238,Sữa rửa mặt Kose Softymo Nhật Bản 220g,[NỘI ĐỊA NHẬT] Sữa rửa mặt Kose Softymo Nhật Bản 220g,no_brand,KOSÉ,False,74000.0,106000.0,0.5909387322875882
1380,88,0.0013025679196129512,0.2692307692307692,46.672456575682375,[NỘI ĐỊA NHẬT] Sữa rửa mặt Kose Softymo Nhật Bản 220g,Sữa rửa mặt Kose Softymo Nhật Bản 220g,KOSÉ,no_brand,False,106000.0,74000.0,0.5909387322875882
941,729,0.0024190547078526236,0.4642857142857143,45.36493506493506,Gel rửa mặt Himalaya Neem ngừa & giảm mụn /Chanh vàng trắng da 150ml,"Gel rửa mặt Bielenda Green Tea 200ml làm sạch sâu, kiềm dầu, giảm mụn",Himalaya,Bielenda,False,64000.0,180000.0,0.2417878671050393
729,941,0.0024190547078526236,0.23636363636363636,45.36493506493506,"Gel rửa mặt Bielenda Green Tea 200ml làm sạch sâu, kiềm dầu, giảm mụn",Gel rửa mặt Himalaya Neem ngừa & giảm mụn /Chanh vàng trắng da 150ml,Bielenda,Himalaya,False,180000.0,64000.0,0.2417878671050393
428,1204,0.0005582433941198362,0.09090909090909091,44.413223140495866,Sữa rửa mặt Kose Softymo Cleansing Foam Nhật Bản 220g,Sữa Rửa Mặt Kose Softymo Softimo Cleansing Nhật Bản,KOSÉ,kosé sofymo,False,89000.0,89000.0,0.42752410757793635
1204,428,0.0005582433941198362,0.2727272727272727,44.413223140495866,Sữa Rửa Mặt Kose Softymo Softimo Cleansing Nhật Bản,Sữa rửa mặt Kose Softymo Cleansing Foam Nhật Bản 220g,kosé sofymo,KOSÉ,False,89000.0,89000.0,0.42752410757793635
322,797,0.0011164867882396724,0.21428571428571427,42.65079365079365,(Mẫu mới) Sữa rửa mặt dành cho da mụn Senka perfect whip acne care 100g,Sữa rửa mặt dành cho da mụn Senka perfect whip acne care 100g,SENKA,SENKA,True,74999.0,79000.0,0.7019281329456662
797,322,0.0011164867882396724,0.2222222222222222,42.65079365079365,Sữa rửa mặt dành cho da mụn Senka perfect whip acne care 100g,(Mẫu mới) Sữa rửa mặt dành cho da mụn Senka perfect whip acne care 100g,SENKA,SENKA,True,79000.0,74999.0,0.7019281329456662
362,442,0.000744324525493115,0.19047619047619047,42.65079365079365,Adaphil / Gammaphil Sữa Rửa Mặt và Toàn Thân Cho Da Dầu Mụn 125ml - 500ml Gamma Adaphil Gentle Skin Cleanser,"[HÀNG CÔNG TY] SỮA RỬA MẶT DỊU NHẸ ADAPHIL LÀNH TÍNH, NGỪA MỤN",Gamma,Gamma,True,122500.0,123500.0,0.04065173105845902
442,362,0.000744324525493115,0.16666666666666666,42.650793650793645,"[HÀNG CÔNG TY] SỮA RỬA MẶT DỊU NHẸ ADAPHIL LÀNH TÍNH, NGỪA MỤN",Adaphil / Gammaphil Sữa Rửa Mặt và Toàn Thân Cho Da Dầu Mụn 125ml - 500ml Gamma Adaphil Gentle Skin Cleanser,Gamma,Gamma,True,123500.0,122500.0,0.04065173105845902
150,38,0.002232973576479345,0.4,41.338461538461544,Sữa rửa mặt colagen,Sữa Rửa Mặt 3W Clinic Mẫu Mới Hot,no_brand,3W CLINIC,False,23000.0,22500.0,-0.09034220271657865
38,150,0.002232973576479345,0.23076923076923078,41.33846153846154,Sữa Rửa Mặt 3W Clinic Mẫu Mới Hot,Sữa rửa mặt colagen,3W CLINIC,no_brand,False,22500.0,23000.0,-0.09034220271657865
74,38,0.0013025679196129512,0.3888888888888889,40.190170940170944,Sữa Rửa Mặt ĐÀO TƯƠI BIOAQUA,Sữa Rửa Mặt 3W Clinic Mẫu Mới Hot,no_brand,3W CLINIC,False,14000.0,22500.0,-0.12332874697031776
38,74,0.0013025679196129512,0.1346153846153846,40.19017094017094,Sữa Rửa Mặt 3W Clinic Mẫu Mới Hot,Sữa Rửa Mặt ĐÀO TƯƠI BIOAQUA,3W CLINIC,no_brand,False,22500.0,14000.0,-0.12332874697031776
1278,1823,0.0009304056568663938,0.10416666666666667,39.98511904761905,Dermarium Goodnight - Gel rửa mặt than hoạt tính,DERMARIUM GOOD NIGHT CLEANSER 140ml Gel Rửa Mặt Than Hoạt Tính,Dermarium,no_brand,False,150000.0,415000.0,0.5417508217158973
1823,1278,0.0009304056568663938,0.35714285714285715,39.98511904761905,DERMARIUM GOOD NIGHT CLEANSER 140ml Gel Rửa Mặt Than Hoạt Tính,Dermarium Goodnight - Gel rửa mặt than hoạt tính,no_brand,Dermarium,False,415000.0,150000.0,0.5417508217158973
478,53,0.0005582433941198362,0.6,35.82666666666667,Sữa Rửa Mặt Hazeline Tuýp 50g/100g (Nghệ/Yến Mạch/Matcha),Sữa rửa mặt Hazeline Chiết Xuất Thiên Nhiên 100g,HAZELINE,no_brand,False,36000.0,52000.0,0.14156543138459776
1623,2056,0.0005582433941198362,0.16666666666666666,35.82666666666667,[170gram] Sữa Rửa Mặt Hatomugi Naturie Hạt Ý Dĩ 170g Nhật Bản,Sữa rửa mặt trắng da Kose Nhật Bản,Naturie,no_brand,False,90000.0,85000.0,0.006741131564585981
2056,1623,0.0005582433941198362,0.12,35.82666666666667,Sữa rửa mặt trắng da Kose Nhật Bản,[170gram] Sữa Rửa Mặt Hatomugi Naturie Hạt Ý Dĩ 170g Nhật Bản,no_brand,Naturie,False,85000.0,90000.0,0.006741131564585981
317,1984,0.0005582433941198362,0.2727272727272727,34.896103896103895,Sữa Rửa Mặt Thải Độc Rau Củ Super Vegitoks & Super Vegiwhip,Sữa Rửa Mặt Thải Độc Rau Củ Wonder Bath Super Vegitoks Cleanser,BYVIBES WONDER BATH,BYVIBES WONDER BATH,True,173000.0,390000.0,0.3479797363240137
1984,317,0.0005582433941198362,0.07142857142857142,34.89610389610389,Sữa Rửa Mặt Thải Độc Rau Củ Wonder Bath Super Vegitoks Cleanser,Sữa Rửa Mặt Thải Độc Rau Củ Super Vegitoks & Super Vegiwhip,BYVIBES WONDER BATH,BYVIBES WONDER BATH,True,390000.0,173000.0,0.3479797363240137
765,88,0.0009304056568663938,0.2,34.670967741935485,Sữa rửa mặt Kose Softymo Nhật Bản 220g,Sữa rửa mặt Kose Softymo Nhật Bản 220g,no_brand,no_brand,True,84500.0,74000.0,0.1895320585341912
88,765,0.0009304056568663938,0.16129032258064516,34.670967741935485,Sữa rửa mặt Kose Softymo Nhật Bản 220g,Sữa rửa mặt Kose Softymo Nhật Bản 220g,no_brand,no_brand,True,74000.0,84500.0,0.1895320585341912
1380,765,0.000744324525493115,0.15384615384615385,33.07076923076924,[NỘI ĐỊA NHẬT] Sữa rửa mặt Kose Softymo Nhật Bản 220g,Sữa rửa mặt Kose Softymo Nhật Bản 220g,KOSÉ,no_brand,False,106000.0,84500.0,0.10963171478978849
765,1380,0.000744324525493115,0.16,33.07076923076923,Sữa rửa mặt Kose Softymo Nhật Bản 220g,[NỘI ĐỊA NHẬT] Sữa rửa mặt Kose Softymo Nhật Bản 220g,no_brand,KOSÉ,False,84500.0,106000.0,0.10963171478978849
190,38,0.0011164867882396724,0.3157894736842105,32.635627530364374,SỬA RỬA MẶT INNIS TRÀ XANH,Sữa Rửa Mặt 3W Clinic Mẫu Mới Hot,no_brand,3W CLINIC,False,26500.0,22500.0,0.3655739892713792
38,190,0.0011164867882396724,0.11538461538461539,32.635627530364374,Sữa Rửa Mặt 3W Clinic Mẫu Mới Hot,SỬA RỬA MẶT INNIS TRÀ XANH,3W CLINIC,no_brand,False,22500.0,26500.0,0.3655739892713792
351,1278,0.0013025679196129512,0.2692307692307692,30.142628205128208,GEL RỬA MẶT GOODNIGHT CLEANSER - DERMARIUM,Dermarium Goodnight - Gel rửa mặt than hoạt tính,no_brand,Dermarium,False,150000.0,150000.0,0.14815531506296212
1278,351,0.0013025679196129512,0.14583333333333334,30.142628205128208,Dermarium Goodnight - Gel rửa mặt than hoạt tính,GEL RỬA MẶT GOODNIGHT CLEANSER - DERMARIUM,Dermarium,no_brand,False,150000.0,150000.0,0.14815531506296212
227,72,0.002232973576479345,0.16901408450704225,29.299409359382096,Sữa Rửa Mặt 3W Clinic 100ml Hàn Quốc,Sữa Rửa Mặt 3W Clinic Hàn Quốc 100ml,3W CLINIC,3W CLINIC,True,25000.0,25500.0,0.6931754873080737
72,227,0.002232973576479345,0.3870967741935484,29.299409359382096,Sữa Rửa Mặt 3W Clinic Hàn Quốc 100ml,Sữa Rửa Mặt 3W Clinic 100ml Hàn Quốc,3W CLINIC,3W CLINIC,True,25500.0,25000.0,0.6931754873080737
501,217,0.0009304056568663938,0.13513513513513514,29.04864864864865,Sữa Rửa Mặt Dành Cho Da Mụn Senka Perfect Whip Acne Care 100g,Sữa Rửa Mặt Senka Dưỡng Ẩm Mịn & Săn Chắc Da 120g,SENKA,SENKA,True,76000.0,91000.0,0.3344705481556151
217,501,0.0009304056568663938,0.2,29.04864864864865,Sữa Rửa Mặt Senka Dưỡng Ẩm Mịn & Săn Chắc Da 120g,Sữa Rửa Mặt Dành Cho Da Mụn Senka Perfect Whip Acne Care 100g,SENKA,SENKA,True,91000.0,76000.0,0.3344705481556151
150,190,0.0005582433941198362,0.1,28.284210526315793,Sữa rửa mặt colagen,SỬA RỬA MẶT INNIS TRÀ XANH,no_brand,no_brand,True,23000.0,26500.0,-0.029562727644214457
190,150,0.0005582433941198362,0.15789473684210525,28.284210526315785,SỬA RỬA MẶT INNIS TRÀ XANH,Sữa rửa mặt colagen,no_brand,no_brand,True,26500.0,23000.0,-0.029562727644214457
670,1623,0.0005582433941198362,0.09090909090909091,27.141414141414142,Sữa Rửa Mặt Hatomugi Naturie Hạt Ý Dĩ 130g Nhật Bản,[170gram] Sữa Rửa Mặt Hatomugi Naturie Hạt Ý Dĩ 170g Nhật Bản,no_brand,Naturie,False,55000.0,90000.0,0.43102549677581226
1623,670,0.0005582433941198362,0.16666666666666666,27.141414141414142,[170gram] Sữa Rửa Mặt Hatomugi Naturie Hạt Ý Dĩ 170g Nhật Bản,Sữa Rửa Mặt Hatomugi Naturie Hạt Ý Dĩ 130g Nhật Bản,Naturie,no_brand,False,90000.0,55000.0,0.43102549677581226
620,536,0.000744324525493115,0.17391304347826086,26.703105590062112,[200 ml] Sữa rửa mặt Ziaja chiết xuất từ lá Manuka,Sữa Rửa Mặt Ziajaa Chiết Xuất Từ Lá Manuka Cho Da Dầu Mụn (bill ảnh tiếp),ziaja,ziaja,True,109000.0,109000.0,0.5798537101253529
536,620,0.000744324525493115,0.11428571428571428,26.70310559006211,Sữa Rửa Mặt Ziajaa Chiết Xuất Từ Lá Manuka Cho Da Dầu Mụn (bill ảnh tiếp),[200 ml] Sữa rửa mặt Ziaja chiết xuất từ lá Manuka,ziaja,ziaja,True,109000.0,109000.0,0.5798537101253529
263,1557,0.000744324525493115,0.2,26.214634146341464,Sữa Rửa Mặt Dành Cho Nam Sukin For Men Facial Cleanser 225ml,Sữa Rửa Mặt Tạo Bọt Sukin Signature Foaming Facial Cleanser 125ml,sukin,sukin,True,183000.0,174000.0,0.4971727209134177
1557,263,0.000744324525493115,0.0975609756097561,26.214634146341464,Sữa Rửa Mặt Tạo Bọt Sukin Signature Foaming Facial Cleanser 125ml,Sữa Rửa Mặt Dành Cho Nam Sukin For Men Facial Cleanser 225ml,sukin,sukin,True,174000.0,183000.0,0.4971727209134177
1333,210,0.0005582433941198362,0.6,25.795199999999998,"Sữa Rửa Mặt Loreal Làm Sạch, Dưỡng Trắng Mịn Da L'oreal Paris White Perfect Milky Foam 50ml/100ml",Sữa rửa mặt trắng da L'Oreal Paris Aura Perfect Milk foam 50ml / 100ml,L'Oreal Paris,L'Oreal Paris,True,99000.0,90000.0,0.6924110165770149
1513,53,0.0005582433941198362,0.42857142857142855,25.59047619047619,Sữa Rửa Mặt Hazeline 100gr,Sữa rửa mặt Hazeline Chiết Xuất Thiên Nhiên 100g,HAZELINE,no_brand,False,46000.0,52000.0,0.32216048205219505
217,629,0.0009304056568663938,0.2,24.995348837209306,Sữa Rửa Mặt Senka Dưỡng Ẩm Mịn & Săn Chắc Da 120g,Sữa Rửa Mặt SENKA Cho Mọi Loại Da  Perfect Whip Facial Foam Wash Hasaki Sản phẩm chính hãng,SENKA,SENKA,True,91000.0,87000.0,0.40714188455246303
629,217,0.0009304056568663938,0.11627906976744186,24.995348837209303,Sữa Rửa Mặt SENKA Cho Mọi Loại Da  Perfect Whip Facial Foam Wash Hasaki Sản phẩm chính hãng,Sữa Rửa Mặt Senka Dưỡng Ẩm Mịn & Săn Chắc Da 120g,SENKA,SENKA,True,87000.0,91000.0,0.40714188455246303
24,797,0.0005582433941198362,0.125,24.87962962962963,[MUA 1 TẶNG 1] Sữa rửa mặt dành cho da mụn Senka perfect whip acne care 100g,Sữa rửa mặt dành cho da mụn Senka perfect whip acne care 100g,SENKA,SENKA,True,147000.0,79000.0,0.6026031722962505
797,24,0.0005582433941198362,0.1111111111111111,24.87962962962963,Sữa rửa mặt dành cho da mụn Senka perfect whip acne care 100g,[MUA 1 TẶNG 1] Sữa rửa mặt dành cho da mụn Senka perfect whip acne care 100g,SENKA,SENKA,True,79000.0,147000.0,0.6026031722962505
322,24,0.0005582433941198362,0.10714285714285714,23.99107142857143,(Mẫu mới) Sữa rửa mặt dành cho da mụn Senka perfect whip acne care 100g,[MUA 1 TẶNG 1] Sữa rửa mặt dành cho da mụn Senka perfect whip acne care 100g,SENKA,SENKA,True,74999.0,147000.0,0.6679865507812071
24,322,0.0005582433941198362,0.125,23.991071428571427,[MUA 1 TẶNG 1] Sữa rửa mặt dành cho da mụn Senka perfect whip acne care 100g,(Mẫu mới) Sữa rửa mặt dành cho da mụn Senka perfect whip acne care 100g,SENKA,SENKA,True,147000.0,74999.0,0.6679865507812071
729,1422,0.000744324525493115,0.07272727272727272,22.990374331550804,"Gel rửa mặt Bielenda Green Tea 200ml làm sạch sâu, kiềm dầu, giảm mụn","Gel rửa mặt & Toner Bielenda Green Tea làm sạch sâu, kiềm dầu, giảm mụn",Bielenda,Bielenda,True,180000.0,167500.0,0.5550950968001087
1422,729,0.000744324525493115,0.23529411764705882,22.9903743315508,"Gel rửa mặt & Toner Bielenda Green Tea làm sạch sâu, kiềm dầu, giảm mụn","Gel rửa mặt Bielenda Green Tea 200ml làm sạch sâu, kiềm dầu, giảm mụn",Bielenda,Bielenda,True,167500.0,180000.0,0.5550950968001087
4,407,0.0005582433941198362,0.0967741935483871,22.61150070126227,🌈🍒🍭 Sữa Rửa Mặt Senana Lấy Sạch Bụi Bẩn Giúp Da Trắng Sáng-Y3-K6T3,Sữa Rửa Mặt Acnes Vitamin Cleanser 25g tiện để túi và mang đi du lịch.,no_brand,Acnes,False,9900.0,8000.0,-0.13023340773723235
407,4,0.0005582433941198362,0.13043478260869565,22.61150070126227,Sữa Rửa Mặt Acnes Vitamin Cleanser 25g tiện để túi và mang đi du lịch.,🌈🍒🍭 Sữa Rửa Mặt Senana Lấy Sạch Bụi Bẩn Giúp Da Trắng Sáng-Y3-K6T3,Acnes,no_brand,False,8000.0,9900.0,-0.13023340773723235
1876,1557,0.0005582433941198362,0.16666666666666666,21.84552845528455,Sữa Rửa Mặt Dành Cho Da Nhạy Cảm Dạng Gel Sukin Sensitive Cleansing Gel 125ml,Sữa Rửa Mặt Tạo Bọt Sukin Signature Foaming Facial Cleanser 125ml,sukin,sukin,True,289000.0,174000.0,0.41581720509678016
1557,1876,0.0005582433941198362,0.07317073170731707,21.84552845528455,Sữa Rửa Mặt Tạo Bọt Sukin Signature Foaming Facial Cleanser 125ml,Sữa Rửa Mặt Dành Cho Da Nhạy Cảm Dạng Gel Sukin Sensitive Cleansing Gel 125ml,sukin,sukin,True,174000.0,289000.0,0.41581720509678016
298,53,0.000744324525493115,0.36363636363636365,21.713131313131314,💦Sữa rửa mặt Hazeline,Sữa rửa mặt Hazeline Chiết Xuất Thiên Nhiên 100g,HAZELINE,no_brand,False,37750.0,52000.0,0.25293204648063444
428,765,0.0005582433941198362,0.09090909090909091,19.541818181818183,Sữa rửa mặt Kose Softymo Cleansing Foam Nhật Bản 220g,Sữa rửa mặt Kose Softymo Nhật Bản 220g,KOSÉ,no_brand,False,89000.0,84500.0,0.6227794162258159
765,428,0.0005582433941198362,0.12,19.541818181818183,Sữa rửa mặt Kose Softymo Nhật Bản 220g,Sữa rửa mặt Kose Softymo Cleansing Foam Nhật Bản 220g,no_brand,KOSÉ,False,84500.0,89000.0,0.6227794162258159
222,32,0.0009304056568663938,0.3333333333333333,18.856140350877194,SỮA RỬA MẶT 3W CLINIC HÀN QUỐC,Sữa rửa mặt làm sạch ngăn ngừa mụn từ trà xanh 3W CLINIC GREEN TEA CLEANSING FOAM,3W CLINIC,3W CLINIC,True,35000.0,27900.0,0.25440791598479445
32,222,0.0009304056568663938,0.05263157894736842,18.85614035087719,Sữa rửa mặt làm sạch ngăn ngừa mụn từ trà xanh 3W CLINIC GREEN TEA CLEANSING FOAM,SỮA RỬA MẶT 3W CLINIC HÀN QUỐC,3W CLINIC,3W CLINIC,True,27900.0,35000.0,0.25440791598479445
171,53,0.0005582433941198362,0.3,17.913333333333334,(100g) Sữa Rửa Mặt HAZELINE Chính Hãng Công Ty Mẫu Mới 2022,Sữa rửa mặt Hazeline Chiết Xuất Thiên Nhiên 100g,HAZELINE,no_brand,False,49000.0,52000.0,0.14647297232278855
676,89,0.0005582433941198362,0.23076923076923078,16.98840885142255,Sữa Rửa Mặt Sủi Bọt Loại Bỏ Mụn Đầu Đen Some By Mi Bye Bye Blackhead 30 Days Miracle Green Tea Tox Bubble Cleanser 120g,Sữa rửa mặt dành cho da mụn innisfree Bija Trouble Facial Foam 150g,Some By Mi,Innisfree,False,263000.0,178500.0,-0.30810500885977626
117,179,0.0005582433941198362,0.3,16.970526315789474,"SỮA rửa mặt OXY có hạt làm sạch sâu, đánh bay nhờn, tút sáng da,cực mát 100G",Sữa Rửa Mặt Hada Labo Sữa chính hãng công ty 80g,Oxy,Hada Labo,False,62725.0,66500.0,0.1420303335846753
376,614,0.0009304056568663938,0.09259259259259259,16.05137395459976,"Sữa rửa mặt 3W Clinic Hàn Quốc mẫu mới 100ml cấp ẩm, làm sạch da loại bỏ bụi bẩn",Sữa rửa mặt 3w Clinic Cleansing Foam 100ml,3W CLINIC,3W CLINIC,True,26000.0,29500.0,0.5391842228134469
614,376,0.0009304056568663938,0.16129032258064516,16.05137395459976,Sữa rửa mặt 3w Clinic Cleansing Foam 100ml,"Sữa rửa mặt 3W Clinic Hàn Quốc mẫu mới 100ml cấp ẩm, làm sạch da loại bỏ bụi bẩn",3W CLINIC,3W CLINIC,True,29500.0,26000.0,0.5391842228134469
1805,432,0.0011164867882396724,0.46153846153846156,15.89940828402367,Kem rửa mặt dưỡng ẩm tối ưu Hada Labo Advanced Nourish Cleanser 80g,(80g) Sữa Rửa Mặt HADA LABO Chính Hãng Công Ty Mẫu Mới,Hada Labo,Hada Labo,True,75000.0,74000.0,0.3917112423356789
1,204,0.0005582433941198362,0.23076923076923078,15.698149951314509,Sữa rửa mặt Simple giúp kiềm dầu và ngừa mụn hiệu quả - cho da dầu mụn 150ml [CHÍNH HÃNG ĐỘC QUYỀN] [DIỆN MẠO MỚI],SỮA RỬA MẶT SIMPLE GIÚP DƯỠNG ẨM CHO DA TRÔNG KHỎE VÀ MỊN MÀNG 150ML [CHÍNH HÃNG ĐỘC QUYỀN] [DIỆN MẠO MỚI],simple,simple,True,99000.0,98000.0,0.2550838610005047
1666,62,0.0009304056568663938,0.23809523809523808,15.603948896631822,"200ML Sữa rửa mặt NO PROBLEM Compliment chứa Salicylic Acid, Tea Tree",[Bạn mới nhập COSHBM -50% đơn 0Đ] Gel Rửa Mặt Compliment No Problem Cho Da Nhờn Mụn,no_brand,no_brand,True,109000.0,102500.0,0.2513944376201539
62,1666,0.0009304056568663938,0.06097560975609756,15.603948896631822,[Bạn mới nhập COSHBM -50% đơn 0Đ] Gel Rửa Mặt Compliment No Problem Cho Da Nhờn Mụn,"200ML Sữa rửa mặt NO PROBLEM Compliment chứa Salicylic Acid, Tea Tree",no_brand,no_brand,True,102500.0,109000.0,0.2513944376201539
828,693,0.0005582433941198362,0.23076923076923078,15.310541310541312,[BILL US] Sữa rửa mặt giảm mụn Zapzyt Acne Wash,Sữa rửa mặt giảm mụn cho da dầu 2% BHA - ZAPZYT Acne Wash,Zapzyt,Zapzyt,True,215000.0,265000.0,0.30476092457323734
351,743,0.0016747301823595087,0.34615384615384615,15.123827392120075,GEL RỬA MẶT GOODNIGHT CLEANSER - DERMARIUM,Sữa rửa mặt giảm và ngăn ngừa mụn chứa BHA Ance Wash Zapzyt,no_brand,Zapzyt,False,150000.0,225000.0,0.09380043119220453
743,351,0.0016747301823595087,0.07317073170731707,15.123827392120075,Sữa rửa mặt giảm và ngăn ngừa mụn chứa BHA Ance Wash Zapzyt,GEL RỬA MẶT GOODNIGHT CLEANSER - DERMARIUM,Zapzyt,no_brand,False,225000.0,150000.0,0.09380043119220453
231,870,0.0005582433941198362,0.2727272727272727,14.656363636363636,Sữa rửa mặt Hatomugi Nhật Bản,Sữa rửa mặt CeraVe 3oz,HATOMUGI,CeraVe,False,57000.0,159000.0,0.17233633925310413
185,376,0.0011164867882396724,0.14634146341463414,14.563685636856368,"Sữa rửa mặt 3W Clinic Hàn Quốc mẫu mới 100ml cấp ẩm, làm sạch da loại bỏ bụi bẩn","Sữa rửa mặt 3W Clinic Hàn Quốc mẫu mới 100ml cấp ẩm, làm sạch da loại bỏ bụi bẩn",3W CLINIC,3W CLINIC,True,27200.0,26000.0,0.8067556148332119
62,1888,0.0011164867882396724,0.07317073170731707,14.563685636856368,[Bạn mới nhập COSHBM -50% đơn 0Đ] Gel Rửa Mặt Compliment No Problem Cho Da Nhờn Mụn,"Gel rửa mặt Compliment No Problem giảm viêm, mụn",no_brand,no_brand,True,102500.0,129000.0,0.3087609115898976
376,185,0.0011164867882396724,0.1111111111111111,14.563685636856366,"Sữa rửa mặt 3W Clinic Hàn Quốc mẫu mới 100ml cấp ẩm, làm sạch da loại bỏ bụi bẩn","Sữa rửa mặt 3W Clinic Hàn Quốc mẫu mới 100ml cấp ẩm, làm sạch da loại bỏ bụi bẩn",3W CLINIC,3W CLINIC,True,26000.0,27200.0,0.8067556148332119
1888,62,0.0011164867882396724,0.2222222222222222,14.563685636856366,"Gel rửa mặt Compliment No Problem giảm viêm, mụn",[Bạn mới nhập COSHBM -50% đơn 0Đ] Gel Rửa Mặt Compliment No Problem Cho Da Nhờn Mụn,no_brand,no_brand,True,129000.0,102500.0,0.3087609115898976
2148,495,0.0005582433941198362,0.1875,14.394642857142857,"Gel rửa mặt Compliment NO PROBLEM 200ml làm sạch, ngừa mụn trứng cá và mụn đầu đen.","Sữa rửa mặt - Gel NO PROBLEM Compliment chứa Tea Tree Salicylic Acid,giảm viêm , mụn",no_brand,no_brand,True,180000.0,101000.0,0.34668223291306655
1092,47,0.0005582433941198362,0.14285714285714285,13.709183673469386, Sữa rửa mặt DABO Hàn Quốc 3 trong 1 SRD43,Sữa rửa mặt đầu cọ tạo bọt Seimy - Face Cleanser Foam Collagen,DABO,SEIMY,False,38000.0,87000.0,-0.15527031272142236
47,1092,0.0005582433941198362,0.05357142857142857,13.709183673469386,Sữa rửa mặt đầu cọ tạo bọt Seimy - Face Cleanser Foam Collagen, Sữa rửa mặt DABO Hàn Quốc 3 trong 1 SRD43,SEIMY,DABO,False,87000.0,38000.0,-0.15527031272142236
32,227,0.0031633792333457386,0.17894736842105263,13.54455151964418,Sữa rửa mặt làm sạch ngăn ngừa mụn từ trà xanh 3W CLINIC GREEN TEA CLEANSING FOAM,Sữa Rửa Mặt 3W Clinic 100ml Hàn Quốc,3W CLINIC,3W CLINIC,True,27900.0,25000.0,0.4089567605477883
227,32,0.0031633792333457386,0.23943661971830985,13.54455151964418,Sữa Rửa Mặt 3W Clinic 100ml Hàn Quốc,Sữa rửa mặt làm sạch ngăn ngừa mụn từ trà xanh 3W CLINIC GREEN TEA CLEANSING FOAM,3W CLINIC,3W CLINIC,True,25000.0,27900.0,0.4089567605477883
501,629,0.000744324525493115,0.10810810810810811,13.51099937146449,Sữa Rửa Mặt Dành Cho Da Mụn Senka Perfect Whip Acne Care 100g,Sữa Rửa Mặt SENKA Cho Mọi Loại Da  Perfect Whip Facial Foam Wash Hasaki Sản phẩm chính hãng,SENKA,SENKA,True,76000.0,87000.0,0.22979599365718664
629,501,0.000744324525493115,0.09302325581395349,13.510999371464488,Sữa Rửa Mặt SENKA Cho Mọi Loại Da  Perfect Whip Facial Foam Wash Hasaki Sản phẩm chính hãng,Sữa Rửa Mặt Dành Cho Da Mụn Senka Perfect Whip Acne Care 100g,SENKA,SENKA,True,87000.0,76000.0,0.22979599365718664
1422,404,0.0005582433941198362,0.17647058823529413,12.991136180499597,"Gel rửa mặt & Toner Bielenda Green Tea làm sạch sâu, kiềm dầu, giảm mụn","Gel rửa mặt BHA Compliment No Problem làm sạch sâu, giảm viêm & mụn 200ml",Bielenda,Compliment,False,167500.0,157500.0,0.0909244246655827
4,185,0.0005582433941198362,0.0967741935483871,12.68450039339103,🌈🍒🍭 Sữa Rửa Mặt Senana Lấy Sạch Bụi Bẩn Giúp Da Trắng Sáng-Y3-K6T3,"Sữa rửa mặt 3W Clinic Hàn Quốc mẫu mới 100ml cấp ẩm, làm sạch da loại bỏ bụi bẩn",no_brand,3W CLINIC,False,9900.0,27200.0,-0.033768438693850794
185,4,0.0005582433941198362,0.07317073170731707,12.68450039339103,"Sữa rửa mặt 3W Clinic Hàn Quốc mẫu mới 100ml cấp ẩm, làm sạch da loại bỏ bụi bẩn",🌈🍒🍭 Sữa Rửa Mặt Senana Lấy Sạch Bụi Bẩn Giúp Da Trắng Sáng-Y3-K6T3,3W CLINIC,no_brand,False,27200.0,9900.0,-0.033768438693850794
1583,227,0.0005582433941198362,0.16666666666666666,12.615023474178402,Sữa rửa mặt 3W Clinic 100ml Hàn Quốc,Sữa Rửa Mặt 3W Clinic 100ml Hàn Quốc,no_brand,3W CLINIC,False,29000.0,25000.0,0.5692153164686534
231,183,0.0005582433941198362,0.2727272727272727,12.213636363636363,Sữa rửa mặt Hatomugi Nhật Bản,Sữa rửa mặt dạng bùn Naruko trà tràm Tea Tree Purifying Clay Mask and Cleanser in 1 120 gr,HATOMUGI,Naruko,False,57000.0,185000.0,0.0066034033840048694
439,27,0.0005582433941198362,0.21428571428571427,11.871870397643592,(MẪU MỚI) Sữa rửa mặt tro núi lửa INNISFREE JEJU VOLCANIC PORE CLEANSING FOAM,Gel rửa mặt Cosrx Low pH Good Morning Gel Cleanser,Innisfree,COSRX,False,150000.0,69000.0,0.004570058635777853
503,629,0.0005582433941198362,0.09375,11.716569767441861,Sữa Rửa Mặt Tạo Bọt Làm Sạch Sâu Cho Da Dầu Senka Perfect Whip U 120g,Sữa Rửa Mặt SENKA Cho Mọi Loại Da  Perfect Whip Facial Foam Wash Hasaki Sản phẩm chính hãng,SENKA,SENKA,True,109500.0,87000.0,0.39970753596719893
629,503,0.0005582433941198362,0.06976744186046512,11.71656976744186,Sữa Rửa Mặt SENKA Cho Mọi Loại Da  Perfect Whip Facial Foam Wash Hasaki Sản phẩm chính hãng,Sữa Rửa Mặt Tạo Bọt Làm Sạch Sâu Cho Da Dầu Senka Perfect Whip U 120g,SENKA,SENKA,True,87000.0,109500.0,0.39970753596719893
1888,495,0.000744324525493115,0.14814814814814814,11.373544973544973,"Gel rửa mặt Compliment No Problem giảm viêm, mụn","Sữa rửa mặt - Gel NO PROBLEM Compliment chứa Tea Tree Salicylic Acid,giảm viêm , mụn",no_brand,no_brand,True,129000.0,101000.0,0.25739643926456435
495,1888,0.000744324525493115,0.05714285714285714,11.373544973544973,"Sữa rửa mặt - Gel NO PROBLEM Compliment chứa Tea Tree Salicylic Acid,giảm viêm , mụn","Gel rửa mặt Compliment No Problem giảm viêm, mụn",no_brand,no_brand,True,101000.0,129000.0,0.25739643926456435
1612,361,0.020096762188314105,0.5167464114832536,11.334674348208184,[ HB - Gift] Sữa rửa mặt loại bỏ mụn lá neem Himalaya Purifying Neem Face Wash 50ml,Sữa rửa mặt giảm mụn mờ thâm và sạch dầu thừa Himalaya Purifying Neem Face Wash 150ml,Himalaya,Himalaya,True,65000.0,87000.0,0.5463056431166823
361,1612,0.020096762188314105,0.44081632653061226,11.334674348208184,Sữa rửa mặt giảm mụn mờ thâm và sạch dầu thừa Himalaya Purifying Neem Face Wash 150ml,[ HB - Gift] Sữa rửa mặt loại bỏ mụn lá neem Himalaya Purifying Neem Face Wash 50ml,Himalaya,Himalaya,True,87000.0,65000.0,0.5463056431166823
495,62,0.002232973576479345,0.17142857142857143,11.234843205574913,"Sữa rửa mặt - Gel NO PROBLEM Compliment chứa Tea Tree Salicylic Acid,giảm viêm , mụn",[Bạn mới nhập COSHBM -50% đơn 0Đ] Gel Rửa Mặt Compliment No Problem Cho Da Nhờn Mụn,no_brand,no_brand,True,101000.0,102500.0,0.30966654990709597
62,495,0.002232973576479345,0.14634146341463414,11.234843205574913,[Bạn mới nhập COSHBM -50% đơn 0Đ] Gel Rửa Mặt Compliment No Problem Cho Da Nhờn Mụn,"Sữa rửa mặt - Gel NO PROBLEM Compliment chứa Tea Tree Salicylic Acid,giảm viêm , mụn",no_brand,no_brand,True,102500.0,101000.0,0.30966654990709597
1612,1055,0.004279866021585412,0.11004784688995216,10.951798688640794,[ HB - Gift] Sữa rửa mặt loại bỏ mụn lá neem Himalaya Purifying Neem Face Wash 50ml,Sữa rửa mặt trắng da mịn màng Himalaya Clear Complexion Whitening Face Wash 150ml,Himalaya,Himalaya,True,65000.0,102000.0,0.41600947798497984
1055,1612,0.004279866021585412,0.42592592592592593,10.951798688640794,Sữa rửa mặt trắng da mịn màng Himalaya Clear Complexion Whitening Face Wash 150ml,[ HB - Gift] Sữa rửa mặt loại bỏ mụn lá neem Himalaya Purifying Neem Face Wash 50ml,Himalaya,Himalaya,True,102000.0,65000.0,0.41600947798497984
72,32,0.0011164867882396724,0.1935483870967742,10.948726655348048,Sữa Rửa Mặt 3W Clinic Hàn Quốc 100ml,Sữa rửa mặt làm sạch ngăn ngừa mụn từ trà xanh 3W CLINIC GREEN TEA CLEANSING FOAM,3W CLINIC,3W CLINIC,True,25500.0,27900.0,0.45043061007200513
32,72,0.0011164867882396724,0.06315789473684211,10.948726655348047,Sữa rửa mặt làm sạch ngăn ngừa mụn từ trà xanh 3W CLINIC GREEN TEA CLEANSING FOAM,Sữa Rửa Mặt 3W Clinic Hàn Quốc 100ml,3W CLINIC,3W CLINIC,True,27900.0,25500.0,0.45043061007200513
870,1772,0.0009304056568663938,0.05,10.748000000000001,Sữa rửa mặt CeraVe 3oz,Sữa rửa mặt Skin1004 Madagascar Centella Ampoule Foam,CeraVe,SKIN1004,False,159000.0,244000.0,0.3846034004712341
1772,870,0.0009304056568663938,0.2,10.748000000000001,Sữa rửa mặt Skin1004 Madagascar Centella Ampoule Foam,Sữa rửa mặt CeraVe 3oz,SKIN1004,CeraVe,False,244000.0,159000.0,0.3846034004712341
38,1354,0.0005582433941198362,0.057692307692307696,10.690981432360743,Sữa Rửa Mặt 3W Clinic Mẫu Mới Hot, Sữa Rửa Mặt 3W CLINIC 100ml Hàn Quốc,3W CLINIC,no_brand,False,22500.0,23456.0,0.3227410104600183
1354,38,0.0005582433941198362,0.10344827586206896,10.690981432360743, Sữa Rửa Mặt 3W CLINIC 100ml Hàn Quốc,Sữa Rửa Mặt 3W Clinic Mẫu Mới Hot,no_brand,3W CLINIC,False,23456.0,22500.0,0.3227410104600183
870,516,0.00297729810197246,0.16,10.485853658536586,Sữa rửa mặt CeraVe 3oz,Sữa rửa mặt CeraVe (Mỹ-Pháp),CeraVe,CeraVe,True,159000.0,332000.0,0.8507650068856631
516,870,0.00297729810197246,0.1951219512195122,10.485853658536586,Sữa rửa mặt CeraVe (Mỹ-Pháp),Sữa rửa mặt CeraVe 3oz,CeraVe,CeraVe,True,332000.0,159000.0,0.8507650068856631
643,1278,0.0011164867882396724,0.09230769230769231,10.334615384615386,Bill US - Sữa Rửa Mặt Zapzyt Acne Wash Effective & Gentle Cleanser 177g,Dermarium Goodnight - Gel rửa mặt than hoạt tính,Zapzyt,Dermarium,False,225000.0,150000.0,-0.12064180407263224
1278,643,0.0011164867882396724,0.125,10.334615384615384,Dermarium Goodnight - Gel rửa mặt than hoạt tính,Bill US - Sữa Rửa Mặt Zapzyt Acne Wash Effective & Gentle Cleanser 177g,Dermarium,Zapzyt,False,150000.0,225000.0,-0.12064180407263224
743,693,0.0035355414960922963,0.15447154471544716,10.248519522232261,Sữa rửa mặt giảm và ngăn ngừa mụn chứa BHA Ance Wash Zapzyt,Sữa rửa mặt giảm mụn cho da dầu 2% BHA - ZAPZYT Acne Wash,Zapzyt,Zapzyt,True,225000.0,265000.0,0.6768004725636595
693,743,0.0035355414960922963,0.2345679012345679,10.24851952223226,Sữa rửa mặt giảm mụn cho da dầu 2% BHA - ZAPZYT Acne Wash,Sữa rửa mặt giảm và ngăn ngừa mụn chứa BHA Ance Wash Zapzyt,Zapzyt,Zapzyt,True,265000.0,225000.0,0.6768004725636595
1147,663,0.0005582433941198362,0.3333333333333333,10.007448789571693,Sữa rửa mặt rau củ thải độc Super Vegitoks Cleanser Wonder Bath 300ml,Sữa Rửa Mặt Cosrx Low pH Good Morning Gel 150ml,BYVIBES WONDER BATH,COSRX,False,263500.0,134000.0,0.1146176473887912
938,202,0.0009304056568663938,0.16129032258064516,9.739035882566146,Sữa rửa mặt INNISFREE Bija Trouble Facial Foam 150ml,Sữa Rửa Mặt Innisfree Cleansing Foam 150ml,Innisfree,Innisfree,True,139000.0,167000.0,-0.0958976832073594
202,938,0.0009304056568663938,0.056179775280898875,9.739035882566146,Sữa Rửa Mặt Innisfree Cleansing Foam 150ml,Sữa rửa mặt INNISFREE Bija Trouble Facial Foam 150ml,Innisfree,Innisfree,True,167000.0,139000.0,-0.0958976832073594
1055,361,0.004279866021585412,0.42592592592592593,9.342554799697657,Sữa rửa mặt trắng da mịn màng Himalaya Clear Complexion Whitening Face Wash 150ml,Sữa rửa mặt giảm mụn mờ thâm và sạch dầu thừa Himalaya Purifying Neem Face Wash 150ml,Himalaya,Himalaya,True,102000.0,87000.0,0.4350749839456939
361,1055,0.004279866021585412,0.09387755102040816,9.342554799697657,Sữa rửa mặt giảm mụn mờ thâm và sạch dầu thừa Himalaya Purifying Neem Face Wash 150ml,Sữa rửa mặt trắng da mịn màng Himalaya Clear Complexion Whitening Face Wash 150ml,Himalaya,Himalaya,True,87000.0,102000.0,0.4350749839456939
1450,419,0.0016747301823595087,0.2903225806451613,9.286866359447005,Sữa rửa mặt giảm mụn Naruko Tea Tree Purifying Clay Mask and Cleanser in 1,(CHÍNH HÃNG - ĐÀI LOAN) SỮA RỬA MẶT NARUKO ĐẤT SÉT 3in1 TRÀM TRÀ,Naruko,Naruko,True,159000.0,159000.0,0.06915035857961405
419,1450,0.0016747301823595087,0.05357142857142857,9.286866359447004,(CHÍNH HÃNG - ĐÀI LOAN) SỮA RỬA MẶT NARUKO ĐẤT SÉT 3in1 TRÀM TRÀ,Sữa rửa mặt giảm mụn Naruko Tea Tree Purifying Clay Mask and Cleanser in 1,Naruko,Naruko,True,159000.0,159000.0,0.06915035857961405
1834,227,0.0005582433941198362,0.12,9.08281690140845,"Sữa rửa mặt mini dịu nhẹ Phoenix Pharma, sữa rửa mặt cho da nhạy cảm trắng da, làm sạch và loại bỏ bụi bẩn 20gr",Sữa Rửa Mặt 3W Clinic 100ml Hàn Quốc,no_brand,3W CLINIC,False,39000.0,25000.0,-0.08579867732700526
643,743,0.0024190547078526236,0.2,8.738211382113823,Bill US - Sữa Rửa Mặt Zapzyt Acne Wash Effective & Gentle Cleanser 177g,Sữa rửa mặt giảm và ngăn ngừa mụn chứa BHA Ance Wash Zapzyt,Zapzyt,Zapzyt,True,225000.0,225000.0,-0.11963461422921091
743,643,0.0024190547078526236,0.10569105691056911,8.738211382113821,Sữa rửa mặt giảm và ngăn ngừa mụn chứa BHA Ance Wash Zapzyt,Bill US - Sữa Rửa Mặt Zapzyt Acne Wash Effective & Gentle Cleanser 177g,Zapzyt,Zapzyt,True,225000.0,225000.0,-0.11963461422921091
636,643,0.0005582433941198362,0.10344827586206896,8.552785145888594,Sữa Rửa Mặt Eucerin PH5 Facial Cleanser Da Nhạy Cảm (400ml),Bill US - Sữa Rửa Mặt Zapzyt Acne Wash Effective & Gentle Cleanser 177g,Eucerin,Zapzyt,False,189000.0,225000.0,-0.05199507426540424
344,639,0.0020468924451060664,0.20754716981132076,8.449685534591197,Gel rửa mặt SVR Sebiaclear Gel Moussant không có xà phòng 55/200/400 ml,"Sữa rửa mặt SVR chứa PHA dành cho da hỗn hợp, da dầu mụn SVR Sebiaclear Gel Moussant 55ml",SVR,SVR,True,442000.0,119000.0,0.7154723480455033
639,344,0.0020468924451060664,0.08333333333333333,8.449685534591193,"Sữa rửa mặt SVR chứa PHA dành cho da hỗn hợp, da dầu mụn SVR Sebiaclear Gel Moussant 55ml",Gel rửa mặt SVR Sebiaclear Gel Moussant không có xà phòng 55/200/400 ml,SVR,SVR,True,119000.0,442000.0,0.7154723480455033
344,555,0.0013025679196129512,0.1320754716981132,8.350277469478357,Gel rửa mặt SVR Sebiaclear Gel Moussant không có xà phòng 55/200/400 ml,Gel rửa mặt SVR Sebiaclear/ Topialyse Gel Moussant làm sạch và loại bỏ tế bào da chết 55ml,SVR,SVR,True,442000.0,108000.0,0.7846704038978785
555,344,0.0013025679196129512,0.08235294117647059,8.350277469478357,Gel rửa mặt SVR Sebiaclear/ Topialyse Gel Moussant làm sạch và loại bỏ tế bào da chết 55ml,Gel rửa mặt SVR Sebiaclear Gel Moussant không có xà phòng 55/200/400 ml,SVR,SVR,True,108000.0,442000.0,0.7846704038978785
204,1196,0.000744324525493115,0.05063291139240506,8.245492903720752,SỮA RỬA MẶT SIMPLE GIÚP DƯỠNG ẨM CHO DA TRÔNG KHỎE VÀ MỊN MÀNG 150ML [CHÍNH HÃNG ĐỘC QUYỀN] [DIỆN MẠO MỚI],[Hàng Công Ty] Simple Kind To Skin Refreshing Facial Wash - Sữa Rửa Mặt Dịu Nhẹ Cho Da Nhạy Cảm [Nhiều Dung Tích],simple,simple,True,98000.0,105000.0,-0.13179832861545726
1196,204,0.000744324525493115,0.12121212121212122,8.245492903720752,[Hàng Công Ty] Simple Kind To Skin Refreshing Facial Wash - Sữa Rửa Mặt Dịu Nhẹ Cho Da Nhạy Cảm [Nhiều Dung Tích],SỮA RỬA MẶT SIMPLE GIÚP DƯỠNG ẨM CHO DA TRÔNG KHỎE VÀ MỊN MÀNG 150ML [CHÍNH HÃNG ĐỘC QUYỀN] [DIỆN MẠO MỚI],simple,simple,True,105000.0,98000.0,-0.13179832861545726
537,82,0.0031633792333457386,0.11564625850340136,8.177407805227354,MÃ FSSSBD29 giảm 15k đến 00h 29.4[HÀNG CHÍNH HÃNG] SỮA RỬA MẶT CETAPHIL,Cetaphil Sữa Rửa Mặt Gentle Skin Cleanser (mới),Cetaphil,Cetaphil,True,211000.0,345000.0,0.5288185106664834
82,537,0.0031633792333457386,0.2236842105263158,8.177407805227354,Cetaphil Sữa Rửa Mặt Gentle Skin Cleanser (mới),MÃ FSSSBD29 giảm 15k đến 00h 29.4[HÀNG CHÍNH HÃNG] SỮA RỬA MẶT CETAPHIL,Cetaphil,Cetaphil,True,345000.0,211000.0,0.5288185106664834
1783,27,0.0005582433941198362,0.14285714285714285,7.914580265095728,Sữa rữa mặt dịu nhẹ COSRX pH Good Morning Gel Cleanser,Gel rửa mặt Cosrx Low pH Good Morning Gel Cleanser,COSRX,COSRX,True,130000.0,69000.0,0.4550072054588778
156,729,0.0005582433941198362,0.07894736842105263,7.7138755980861236,"Gel rửa mặt BHA Compliment No Problem làm sạch sâu, giảm viêm & mụn 200ml","Gel rửa mặt Bielenda Green Tea 200ml làm sạch sâu, kiềm dầu, giảm mụn",Compliment,Bielenda,False,139000.0,180000.0,0.29502099203655374
729,156,0.0005582433941198362,0.05454545454545454,7.7138755980861236,"Gel rửa mặt Bielenda Green Tea 200ml làm sạch sâu, kiềm dầu, giảm mụn","Gel rửa mặt BHA Compliment No Problem làm sạch sâu, giảm viêm & mụn 200ml",Bielenda,Compliment,False,180000.0,139000.0,0.29502099203655374
351,693,0.0005582433941198362,0.11538461538461539,7.655270655270656,GEL RỬA MẶT GOODNIGHT CLEANSER - DERMARIUM,Sữa rửa mặt giảm mụn cho da dầu 2% BHA - ZAPZYT Acne Wash,no_brand,Zapzyt,False,150000.0,265000.0,-0.0734366118373664
432,179,0.003907703758838854,0.1346153846153846,7.61497975708502,(80g) Sữa Rửa Mặt HADA LABO Chính Hãng Công Ty Mẫu Mới,Sữa Rửa Mặt Hada Labo Sữa chính hãng công ty 80g,Hada Labo,Hada Labo,True,74000.0,66500.0,0.365211423798089
179,432,0.003907703758838854,0.22105263157894736,7.6149797570850195,Sữa Rửa Mặt Hada Labo Sữa chính hãng công ty 80g,(80g) Sữa Rửa Mặt HADA LABO Chính Hãng Công Ty Mẫu Mới,Hada Labo,Hada Labo,True,66500.0,74000.0,0.365211423798089
555,674,0.0011164867882396724,0.07058823529411765,7.586823529411765,Gel rửa mặt SVR Sebiaclear/ Topialyse Gel Moussant làm sạch và loại bỏ tế bào da chết 55ml,"Sữa Rửa Mặt SVR SEBIACLEAR Gel Moussant, làm sạch, tẩy tế bào chết SVR SEBIACLEAR Gel",SVR,SVR,True,108000.0,247500.0,0.5773409848135796
674,555,0.0011164867882396724,0.12,7.586823529411764,"Sữa Rửa Mặt SVR SEBIACLEAR Gel Moussant, làm sạch, tẩy tế bào chết SVR SEBIACLEAR Gel",Gel rửa mặt SVR Sebiaclear/ Topialyse Gel Moussant làm sạch và loại bỏ tế bào da chết 55ml,SVR,SVR,True,247500.0,108000.0,0.5773409848135796
622,183,0.000744324525493115,0.16666666666666666,7.463888888888889,[BẢN ĐÀI] Sữa rửa mặt dạng bùn Naruko trà tràm Tea Tree Purifying Clay Mask and Cleanser in 1 120 gr,Sữa rửa mặt dạng bùn Naruko trà tràm Tea Tree Purifying Clay Mask and Cleanser in 1 120 gr,Naruko,Naruko,True,160000.0,185000.0,0.8474503618813328
620,1649,0.0005582433941198362,0.13043478260869565,7.456984273820536,[200 ml] Sữa rửa mặt Ziaja chiết xuất từ lá Manuka,SỮA RỬA MẶT COSRX LOW PH GOOD MORNING GEL CLEANSER,ziaja,COSRX,False,109000.0,169000.0,-0.18530069314235384
736,202,0.000744324525493115,0.12121212121212122,7.319033026898196,Sữa Rửa Mặt FREESHIP Sữa rửa mặt Innisfree Bija Trouble Facial Foam 150ml,Sữa Rửa Mặt Innisfree Cleansing Foam 150ml,Innisfree,Innisfree,True,139000.0,167000.0,0.05030609734213456
743,1278,0.00148864905098623,0.06504065040650407,7.281842818428186,Sữa rửa mặt giảm và ngăn ngừa mụn chứa BHA Ance Wash Zapzyt,Dermarium Goodnight - Gel rửa mặt than hoạt tính,Zapzyt,Dermarium,False,225000.0,150000.0,-0.10138286903303867
1278,743,0.00148864905098623,0.16666666666666666,7.281842818428184,Dermarium Goodnight - Gel rửa mặt than hoạt tính,Sữa rửa mặt giảm và ngăn ngừa mụn chứa BHA Ance Wash Zapzyt,Dermarium,Zapzyt,False,150000.0,225000.0,-0.10138286903303867
354,495,0.000744324525493115,0.09302325581395349,7.141528239202658,"Gel rửa mặt Compliment No Problem không làm khô da giảm viêm, mụn, sản phẩm cho da dầu, nhạy cảm hàng nội địa Nga 200ml","Sữa rửa mặt - Gel NO PROBLEM Compliment chứa Tea Tree Salicylic Acid,giảm viêm , mụn",no_brand,no_brand,True,107000.0,101000.0,0.3425878893252613
495,354,0.000744324525493115,0.05714285714285714,7.141528239202658,"Sữa rửa mặt - Gel NO PROBLEM Compliment chứa Tea Tree Salicylic Acid,giảm viêm , mụn","Gel rửa mặt Compliment No Problem không làm khô da giảm viêm, mụn, sản phẩm cho da dầu, nhạy cảm hàng nội địa Nga 200ml",no_brand,no_brand,True,101000.0,107000.0,0.3425878893252613
1067,397,0.0026051358392259025,0.11382113821138211,7.030744790206523,Sữa Rửa Mặt CERAVE Đủ Size Đủ Loại Cerave Foaming Facial Cleanser Chính Hãng Từ Mỹ Nhập Máy Bay Chất Lượng Tuyệt Hảo,Sữa rửa mặt Cerave Foaming Facial Cleanser bản Mỹ (Pháp) ANVISHOP Cerave da dầu & Da Khô các size 236ml - 355ml - 473ml,CeraVe,CeraVe,True,425000.0,372500.0,0.606142270998047
397,1067,0.0026051358392259025,0.16091954022988506,7.030744790206523,Sữa rửa mặt Cerave Foaming Facial Cleanser bản Mỹ (Pháp) ANVISHOP Cerave da dầu & Da Khô các size 236ml - 355ml - 473ml,Sữa Rửa Mặt CERAVE Đủ Size Đủ Loại Cerave Foaming Facial Cleanser Chính Hãng Từ Mỹ Nhập Máy Bay Chất Lượng Tuyệt Hảo,CeraVe,CeraVe,True,372500.0,425000.0,0.606142270998047
1314,51,0.0005582433941198362,0.13636363636363635,6.979220779220779,Sữa rửa mặt Cosrx,Sữa Rửa Mặt HadaLabo Advanced Nourish Hyaluron Cleanser 80g,COSRX,Hada Labo,False,149000.0,67500.0,0.009304702159674232
372,237,0.0005582433941198362,0.2,6.553658536585366,SỮA RỬA MẶT La ROCHE POSAY CHO DA DẦU VÀ NHẠY CẢM,"Sữa Rửa Mặt Cosrx dạng gel, dịu nhẹ Low pH Good Morning Gel Cleanser 150ml",La Roche-Posay,COSRX,False,72000.0,124000.0,-0.03752309872811478
639,674,0.00148864905098623,0.06060606060606061,6.513939393939395,"Sữa rửa mặt SVR chứa PHA dành cho da hỗn hợp, da dầu mụn SVR Sebiaclear Gel Moussant 55ml","Sữa Rửa Mặt SVR SEBIACLEAR Gel Moussant, làm sạch, tẩy tế bào chết SVR SEBIACLEAR Gel",SVR,SVR,True,119000.0,247500.0,0.645688426001142
674,639,0.00148864905098623,0.16,6.513939393939395,"Sữa Rửa Mặt SVR SEBIACLEAR Gel Moussant, làm sạch, tẩy tế bào chết SVR SEBIACLEAR Gel","Sữa rửa mặt SVR chứa PHA dành cho da hỗn hợp, da dầu mụn SVR Sebiaclear Gel Moussant 55ml",SVR,SVR,True,247500.0,119000.0,0.645688426001142
50,328,0.0046520282843319685,0.1937984496124031,6.428844865537372,[Mã COSACD10 giảm 10% đơn 600K] Gel rửa mặt tạo bọt cho da dầu nhạy cảm La RochePosay 400ml,[Mã COSACD10 giảm 10% đơn 600K] Gel Rửa Mặt Tạo Bọt Làm Sạch Dành Cho Da Dầu Nhạy Cảm La Roche Posay Effaclar 50ml,La Roche-Posay,La Roche-Posay,True,489000.0,189000.0,0.7581004942202508
328,50,0.0046520282843319685,0.15432098765432098,6.428844865537371,[Mã COSACD10 giảm 10% đơn 600K] Gel Rửa Mặt Tạo Bọt Làm Sạch Dành Cho Da Dầu Nhạy Cảm La Roche Posay Effaclar 50ml,[Mã COSACD10 giảm 10% đơn 600K] Gel rửa mặt tạo bọt cho da dầu nhạy cảm La RochePosay 400ml,La Roche-Posay,La Roche-Posay,True,189000.0,489000.0,0.7581004942202508
106,47,0.00148864905098623,0.06557377049180328,6.292740046838408,Sữa rửa mặt BREYLEE cải thiện da mụn đầu đen kiềm dầu làm sạch da 100g,Sữa rửa mặt đầu cọ tạo bọt Seimy - Face Cleanser Foam Collagen,BREYLEE,SEIMY,False,159600.0,87000.0,-0.026437110520711477
1092,106,0.0005582433941198362,0.14285714285714285,6.292740046838407, Sữa rửa mặt DABO Hàn Quốc 3 trong 1 SRD43,Sữa rửa mặt BREYLEE cải thiện da mụn đầu đen kiềm dầu làm sạch da 100g,DABO,BREYLEE,False,38000.0,159600.0,0.07510647524302579
47,106,0.00148864905098623,0.14285714285714285,6.292740046838407,Sữa rửa mặt đầu cọ tạo bọt Seimy - Face Cleanser Foam Collagen,Sữa rửa mặt BREYLEE cải thiện da mụn đầu đen kiềm dầu làm sạch da 100g,SEIMY,BREYLEE,False,87000.0,159600.0,-0.026437110520711477
555,639,0.0024190547078526236,0.15294117647058825,6.22655971479501,Gel rửa mặt SVR Sebiaclear/ Topialyse Gel Moussant làm sạch và loại bỏ tế bào da chết 55ml,"Sữa rửa mặt SVR chứa PHA dành cho da hỗn hợp, da dầu mụn SVR Sebiaclear Gel Moussant 55ml",SVR,SVR,True,108000.0,119000.0,0.6178677413383901
639,555,0.0024190547078526236,0.09848484848484848,6.226559714795009,"Sữa rửa mặt SVR chứa PHA dành cho da hỗn hợp, da dầu mụn SVR Sebiaclear Gel Moussant 55ml",Gel rửa mặt SVR Sebiaclear/ Topialyse Gel Moussant làm sạch và loại bỏ tế bào da chết 55ml,SVR,SVR,True,119000.0,108000.0,0.6178677413383901
419,183,0.004279866021585412,0.13690476190476192,6.131051587301588,(CHÍNH HÃNG - ĐÀI LOAN) SỮA RỬA MẶT NARUKO ĐẤT SÉT 3in1 TRÀM TRÀ,Sữa rửa mặt dạng bùn Naruko trà tràm Tea Tree Purifying Clay Mask and Cleanser in 1 120 gr,Naruko,Naruko,True,159000.0,185000.0,0.34682130484394474
183,419,0.004279866021585412,0.19166666666666668,6.131051587301587,Sữa rửa mặt dạng bùn Naruko trà tràm Tea Tree Purifying Clay Mask and Cleanser in 1 120 gr,(CHÍNH HÃNG - ĐÀI LOAN) SỮA RỬA MẶT NARUKO ĐẤT SÉT 3in1 TRÀM TRÀ,Naruko,Naruko,True,185000.0,159000.0,0.34682130484394474
643,693,0.0011164867882396724,0.09230769230769231,6.124216524216525,Bill US - Sữa Rửa Mặt Zapzyt Acne Wash Effective & Gentle Cleanser 177g,Sữa rửa mặt giảm mụn cho da dầu 2% BHA - ZAPZYT Acne Wash,Zapzyt,Zapzyt,True,225000.0,265000.0,-0.0021567227428682728
693,643,0.0011164867882396724,0.07407407407407407,6.124216524216524,Sữa rửa mặt giảm mụn cho da dầu 2% BHA - ZAPZYT Acne Wash,Bill US - Sữa Rửa Mặt Zapzyt Acne Wash Effective & Gentle Cleanser 177g,Zapzyt,Zapzyt,True,265000.0,225000.0,-0.0021567227428682728
35,672,0.0024190547078526236,0.17105263157894737,5.855011733154543,Sữa rửa mặt da dầu mụn La Roche Posay Effaclar Purifying Foaming Gel Cleanser,"Sữa rửa mặt La Roche-Posay Effaclar 50ml-400ml cho da dầu, mụn, nhạy cảm - Cila House",La Roche-Posay,La Roche-Posay,True,335000.0,234000.0,0.26343957609125984
672,35,0.0024190547078526236,0.08280254777070063,5.855011733154542,"Sữa rửa mặt La Roche-Posay Effaclar 50ml-400ml cho da dầu, mụn, nhạy cảm - Cila House",Sữa rửa mặt da dầu mụn La Roche Posay Effaclar Purifying Foaming Gel Cleanser,La Roche-Posay,La Roche-Posay,True,234000.0,335000.0,0.26343957609125984
608,361,0.000744324525493115,0.26666666666666666,5.849251700680273,[Mã FMCGKAO122 giảm 8% đơn 250K] Sữa Tẩy Trang Rửa Mặt 3 Trong 1 Dưỡng Ẩm Mịn Da Biore 100g,Sữa rửa mặt giảm mụn mờ thâm và sạch dầu thừa Himalaya Purifying Neem Face Wash 150ml,Bioré,Himalaya,False,54000.0,87000.0,0.0869787575262205
614,53,0.0005582433941198362,0.0967741935483871,5.778494623655914,Sữa rửa mặt 3w Clinic Cleansing Foam 100ml,Sữa rửa mặt Hazeline Chiết Xuất Thiên Nhiên 100g,3W CLINIC,no_brand,False,29500.0,52000.0,0.039341104864791164
870,1067,0.0024190547078526236,0.13,5.6798373983739845,Sữa rửa mặt CeraVe 3oz,Sữa Rửa Mặt CERAVE Đủ Size Đủ Loại Cerave Foaming Facial Cleanser Chính Hãng Từ Mỹ Nhập Máy Bay Chất Lượng Tuyệt Hảo,CeraVe,CeraVe,True,159000.0,425000.0,0.32675417483460956
1067,870,0.0024190547078526236,0.10569105691056911,5.6798373983739845,Sữa Rửa Mặt CERAVE Đủ Size Đủ Loại Cerave Foaming Facial Cleanser Chính Hãng Từ Mỹ Nhập Máy Bay Chất Lượng Tuyệt Hảo,Sữa rửa mặt CeraVe 3oz,CeraVe,CeraVe,True,425000.0,159000.0,0.32675417483460956
1984,462,0.0005582433941198362,0.07142857142857142,5.644957983193278,Sữa Rửa Mặt Thải Độc Rau Củ Wonder Bath Super Vegitoks Cleanser,Sữa rửa mặt rau củ sủi bọt thải độc 3 in 1 Byvibes Wonder Bath Super Vegitoks Cleanser 300ML,BYVIBES WONDER BATH,BYVIBES WONDER BATH,True,390000.0,179000.0,0.6671149073029353
185,227,0.0005582433941198362,0.07317073170731707,5.5383029886636885,"Sữa rửa mặt 3W Clinic Hàn Quốc mẫu mới 100ml cấp ẩm, làm sạch da loại bỏ bụi bẩn",Sữa Rửa Mặt 3W Clinic 100ml Hàn Quốc,3W CLINIC,3W CLINIC,True,27200.0,25000.0,0.7153642889605522
185,32,0.000744324525493115,0.0975609756097561,5.518870346598203,"Sữa rửa mặt 3W Clinic Hàn Quốc mẫu mới 100ml cấp ẩm, làm sạch da loại bỏ bụi bẩn",Sữa rửa mặt làm sạch ngăn ngừa mụn từ trà xanh 3W CLINIC GREEN TEA CLEANSING FOAM,3W CLINIC,3W CLINIC,True,27200.0,27900.0,0.3694388632759198
4,32,0.0005582433941198362,0.0967741935483871,5.474363327674024,🌈🍒🍭 Sữa Rửa Mặt Senana Lấy Sạch Bụi Bẩn Giúp Da Trắng Sáng-Y3-K6T3,Sữa rửa mặt làm sạch ngăn ngừa mụn từ trà xanh 3W CLINIC GREEN TEA CLEANSING FOAM,no_brand,3W CLINIC,False,9900.0,27900.0,-0.10326690525598746
260,537,0.0005582433941198362,0.14285714285714285,5.222546161321671,Sữa Rửa Mặt Byvibes Wonder Bath PHA 5.5 Dịu Nhẹ 130ml,MÃ FSSSBD29 giảm 15k đến 00h 29.4[HÀNG CHÍNH HÃNG] SỮA RỬA MẶT CETAPHIL,BYVIBES WONDER BATH,Cetaphil,False,145000.0,211000.0,-0.08810068421460267
193,179,0.0013025679196129512,0.0875,4.949736842105263,Kem Rửa Mặt Dưỡng Ẩm Cho Mọi Loại Da Hada Labo Advanced Nourish Cream Cleanser 80g dưỡng ẩm tối ưu - Hasaki,Sữa Rửa Mặt Hada Labo Sữa chính hãng công ty 80g,Hada Labo,Hada Labo,True,58000.0,66500.0,0.4446380212975671
179,193,0.0013025679196129512,0.07368421052631578,4.9497368421052625,Sữa Rửa Mặt Hada Labo Sữa chính hãng công ty 80g,Kem Rửa Mặt Dưỡng Ẩm Cho Mọi Loại Da Hada Labo Advanced Nourish Cream Cleanser 80g dưỡng ẩm tối ưu - Hasaki,Hada Labo,Hada Labo,True,66500.0,58000.0,0.4446380212975671
1847,51,0.000744324525493115,0.09523809523809523,4.87437641723356,Sữa rửa mặt Senka Perfect Whip N_Tạo bọt 120g,Sữa Rửa Mặt HadaLabo Advanced Nourish Hyaluron Cleanser 80g,SENKA,Hada Labo,False,94050.0,67500.0,-0.05842785630716947
1423,183,0.000744324525493115,0.10810810810810811,4.841441441441441,Sữa rửa mặt dạng gel cosrx low PH good morning gel cleaner,Sữa rửa mặt dạng bùn Naruko trà tràm Tea Tree Purifying Clay Mask and Cleanser in 1 120 gr,no_brand,Naruko,False,145000.0,185000.0,-0.12235489889801245
629,193,0.0005582433941198362,0.06976744186046512,4.686627906976744,Sữa Rửa Mặt SENKA Cho Mọi Loại Da  Perfect Whip Facial Foam Wash Hasaki Sản phẩm chính hãng,Kem Rửa Mặt Dưỡng Ẩm Cho Mọi Loại Da Hada Labo Advanced Nourish Cream Cleanser 80g dưỡng ẩm tối ưu - Hasaki,SENKA,Hada Labo,False,87000.0,58000.0,0.09811001514367505
62,404,0.0009304056568663938,0.06097560975609756,4.488807216839291,[Bạn mới nhập COSHBM -50% đơn 0Đ] Gel Rửa Mặt Compliment No Problem Cho Da Nhờn Mụn,"Gel rửa mặt BHA Compliment No Problem làm sạch sâu, giảm viêm & mụn 200ml",no_brand,Compliment,False,102500.0,157500.0,0.13952342065501788
404,62,0.0009304056568663938,0.0684931506849315,4.488807216839291,"Gel rửa mặt BHA Compliment No Problem làm sạch sâu, giảm viêm & mụn 200ml",[Bạn mới nhập COSHBM -50% đơn 0Đ] Gel Rửa Mặt Compliment No Problem Cho Da Nhờn Mụn,Compliment,no_brand,False,157500.0,102500.0,0.13952342065501788
1314,237,0.0005582433941198362,0.13636363636363635,4.46840354767184,Sữa rửa mặt Cosrx,"Sữa Rửa Mặt Cosrx dạng gel, dịu nhẹ Low pH Good Morning Gel Cleanser 150ml",COSRX,COSRX,True,149000.0,124000.0,0.4186362934659969
237,99,0.002232973576479345,0.07317073170731707,4.418196766237325,"Sữa Rửa Mặt Cosrx dạng gel, dịu nhẹ Low pH Good Morning Gel Cleanser 150ml","Sữa Rửa Mặt Cosrx Low PH Good Morning Gel Cleanser, SRM COSRX Dạng Gel Chiết Từ Dầu Cây Trà "" OAM OFFICIAL""",COSRX,COSRX,True,124000.0,110000.0,0.6446967419164296
99,237,0.002232973576479345,0.1348314606741573,4.418196766237325,"Sữa Rửa Mặt Cosrx Low PH Good Morning Gel Cleanser, SRM COSRX Dạng Gel Chiết Từ Dầu Cây Trà "" OAM OFFICIAL""","Sữa Rửa Mặt Cosrx dạng gel, dịu nhẹ Low pH Good Morning Gel Cleanser 150ml",COSRX,COSRX,True,110000.0,124000.0,0.6446967419164296
693,35,0.0009304056568663938,0.06172839506172839,4.364847303443795,Sữa rửa mặt giảm mụn cho da dầu 2% BHA - ZAPZYT Acne Wash,Sữa rửa mặt da dầu mụn La Roche Posay Effaclar Purifying Foaming Gel Cleanser,Zapzyt,La Roche-Posay,False,265000.0,335000.0,-0.010554810952679516
35,693,0.0009304056568663938,0.06578947368421052,4.364847303443795,Sữa rửa mặt da dầu mụn La Roche Posay Effaclar Purifying Foaming Gel Cleanser,Sữa rửa mặt giảm mụn cho da dầu 2% BHA - ZAPZYT Acne Wash,La Roche-Posay,Zapzyt,False,335000.0,265000.0,-0.010554810952679516
1450,183,0.0005582433941198362,0.0967741935483871,4.333870967741936,Sữa rửa mặt giảm mụn Naruko Tea Tree Purifying Clay Mask and Cleanser in 1,Sữa rửa mặt dạng bùn Naruko trà tràm Tea Tree Purifying Clay Mask and Cleanser in 1 120 gr,Naruko,Naruko,True,159000.0,185000.0,0.5486193861698813
1278,693,0.0005582433941198362,0.0625,4.146604938271605,Dermarium Goodnight - Gel rửa mặt than hoạt tính,Sữa rửa mặt giảm mụn cho da dầu 2% BHA - ZAPZYT Acne Wash,Dermarium,Zapzyt,False,150000.0,265000.0,-0.19075711294756634
89,202,0.0009304056568663938,0.0684931506849315,4.135754963829459,Sữa rửa mặt dành cho da mụn innisfree Bija Trouble Facial Foam 150g,Sữa Rửa Mặt Innisfree Cleansing Foam 150ml,Innisfree,Innisfree,True,178500.0,167000.0,-0.025725620957659193
202,89,0.0009304056568663938,0.056179775280898875,4.135754963829459,Sữa Rửa Mặt Innisfree Cleansing Foam 150ml,Sữa rửa mặt dành cho da mụn innisfree Bija Trouble Facial Foam 150g,Innisfree,Innisfree,True,167000.0,178500.0,-0.025725620957659193
805,397,0.0005582433941198362,0.06666666666666667,4.118007662835249,"Sữa rửa mặt Cerave 236ml, 355ml, 473ml cho da dầu, da khô - Cila House",Sữa rửa mặt Cerave Foaming Facial Cleanser bản Mỹ (Pháp) ANVISHOP Cerave da dầu & Da Khô các size 236ml - 355ml - 473ml,CeraVe,CeraVe,True,329000.0,372500.0,0.47389366964372326
797,537,0.0005582433941198362,0.1111111111111111,4.061980347694633,Sữa rửa mặt dành cho da mụn Senka perfect whip acne care 100g,MÃ FSSSBD29 giảm 15k đến 00h 29.4[HÀNG CHÍNH HÃNG] SỮA RỬA MẶT CETAPHIL,SENKA,Cetaphil,False,79000.0,211000.0,-0.059576940427808804
215,432,0.000744324525493115,0.11764705882352941,4.052790346907994,Sữa rửa mặt Hatomugi hạt ý dĩ,(80g) Sữa Rửa Mặt HADA LABO Chính Hãng Công Ty Mẫu Mới,HATOMUGI,Hada Labo,False,60000.0,74000.0,-0.031372461319124585
622,419,0.0005582433941198362,0.125,3.9985119047619047,[BẢN ĐÀI] Sữa rửa mặt dạng bùn Naruko trà tràm Tea Tree Purifying Clay Mask and Cleanser in 1 120 gr,(CHÍNH HÃNG - ĐÀI LOAN) SỮA RỬA MẶT NARUKO ĐẤT SÉT 3in1 TRÀM TRÀ,Naruko,Naruko,True,160000.0,159000.0,0.39333593950634516
432,51,0.002232973576479345,0.07692307692307693,3.9369963369963377,(80g) Sữa Rửa Mặt HADA LABO Chính Hãng Công Ty Mẫu Mới,Sữa Rửa Mặt HadaLabo Advanced Nourish Hyaluron Cleanser 80g,Hada Labo,Hada Labo,True,74000.0,67500.0,0.4852934626869292
51,432,0.002232973576479345,0.11428571428571428,3.9369963369963368,Sữa Rửa Mặt HadaLabo Advanced Nourish Hyaluron Cleanser 80g,(80g) Sữa Rửa Mặt HADA LABO Chính Hãng Công Ty Mẫu Mới,Hada Labo,Hada Labo,True,67500.0,74000.0,0.4852934626869292
441,210,0.0005582433941198362,0.09090909090909091,3.9083636363636365,Sữa rửa mặt Sạch sâu Sáng hồng Senka Perfect Whip Berry Bright 100g,Sữa rửa mặt trắng da L'Oreal Paris Aura Perfect Milk foam 50ml / 100ml,SENKA,L'Oreal Paris,False,79000.0,90000.0,0.023695409407585327
805,743,0.000744324525493115,0.08888888888888889,3.8836495031616987,"Sữa rửa mặt Cerave 236ml, 355ml, 473ml cho da dầu, da khô - Cila House",Sữa rửa mặt giảm và ngăn ngừa mụn chứa BHA Ance Wash Zapzyt,CeraVe,Zapzyt,False,329000.0,225000.0,0.0761918451674951
432,193,0.0016747301823595087,0.057692307692307696,3.8754807692307693,(80g) Sữa Rửa Mặt HADA LABO Chính Hãng Công Ty Mẫu Mới,Kem Rửa Mặt Dưỡng Ẩm Cho Mọi Loại Da Hada Labo Advanced Nourish Cream Cleanser 80g dưỡng ẩm tối ưu - Hasaki,Hada Labo,Hada Labo,True,74000.0,58000.0,0.1794094896374317
193,432,0.0016747301823595087,0.1125,3.8754807692307693,Kem Rửa Mặt Dưỡng Ẩm Cho Mọi Loại Da Hada Labo Advanced Nourish Cream Cleanser 80g dưỡng ẩm tối ưu - Hasaki,(80g) Sữa Rửa Mặt HADA LABO Chính Hãng Công Ty Mẫu Mới,Hada Labo,Hada Labo,True,58000.0,74000.0,0.1794094896374317
206,50,0.0011164867882396724,0.09230769230769231,3.845438282647585,[Mã COSACD10 giảm 10% đơn 600K] Bộ sản phẩm làm sạch và bảo vệ da dầu nhạy cảm La RochePosay Effaclar Gel,[Mã COSACD10 giảm 10% đơn 600K] Gel rửa mặt tạo bọt cho da dầu nhạy cảm La RochePosay 400ml,La Roche-Posay,La Roche-Posay,True,489000.0,489000.0,0.6161137693198736
805,672,0.0009304056568663938,0.1111111111111111,3.803255484784147,"Sữa rửa mặt Cerave 236ml, 355ml, 473ml cho da dầu, da khô - Cila House","Sữa rửa mặt La Roche-Posay Effaclar 50ml-400ml cho da dầu, mụn, nhạy cảm - Cila House",CeraVe,La Roche-Posay,False,329000.0,234000.0,0.27576243105120235
204,53,0.0009304056568663938,0.06329113924050633,3.7791842475386783,SỮA RỬA MẶT SIMPLE GIÚP DƯỠNG ẨM CHO DA TRÔNG KHỎE VÀ MỊN MÀNG 150ML [CHÍNH HÃNG ĐỘC QUYỀN] [DIỆN MẠO MỚI],Sữa rửa mặt Hazeline Chiết Xuất Thiên Nhiên 100g,simple,no_brand,False,98000.0,52000.0,0.148336893429463
53,204,0.0009304056568663938,0.05555555555555555,3.779184247538678,Sữa rửa mặt Hazeline Chiết Xuất Thiên Nhiên 100g,SỮA RỬA MẶT SIMPLE GIÚP DƯỠNG ẨM CHO DA TRÔNG KHỎE VÀ MỊN MÀNG 150ML [CHÍNH HÃNG ĐỘC QUYỀN] [DIỆN MẠO MỚI],no_brand,simple,False,52000.0,98000.0,0.148336893429463
51,179,0.0013025679196129512,0.06666666666666667,3.7712280701754386,Sữa Rửa Mặt HadaLabo Advanced Nourish Hyaluron Cleanser 80g,Sữa Rửa Mặt Hada Labo Sữa chính hãng công ty 80g,Hada Labo,Hada Labo,True,67500.0,66500.0,0.5536746921616883
179,51,0.0013025679196129512,0.07368421052631578,3.7712280701754386,Sữa Rửa Mặt Hada Labo Sữa chính hãng công ty 80g,Sữa Rửa Mặt HadaLabo Advanced Nourish Hyaluron Cleanser 80g,Hada Labo,Hada Labo,True,66500.0,67500.0,0.5536746921616883
446,663,0.000744324525493115,0.125,3.7527932960893855,Sữa Rửa Mặt Dạng Gel Cosrx Low pH Good Morning Gel Cleanser,Sữa Rửa Mặt Cosrx Low pH Good Morning Gel 150ml,COSRX,COSRX,True,88000.0,134000.0,0.6843773207893624
516,1067,0.0013025679196129512,0.08536585365853659,3.7297243704144365,Sữa rửa mặt CeraVe (Mỹ-Pháp),Sữa Rửa Mặt CERAVE Đủ Size Đủ Loại Cerave Foaming Facial Cleanser Chính Hãng Từ Mỹ Nhập Máy Bay Chất Lượng Tuyệt Hảo,CeraVe,CeraVe,True,332000.0,425000.0,0.3634217361802267
1067,516,0.0013025679196129512,0.056910569105691054,3.7297243704144356,Sữa Rửa Mặt CERAVE Đủ Size Đủ Loại Cerave Foaming Facial Cleanser Chính Hãng Từ Mỹ Nhập Máy Bay Chất Lượng Tuyệt Hảo,Sữa rửa mặt CeraVe (Mỹ-Pháp),CeraVe,CeraVe,True,425000.0,332000.0,0.3634217361802267
344,516,0.0005582433941198362,0.05660377358490566,3.7096180395766223,Gel rửa mặt SVR Sebiaclear Gel Moussant không có xà phòng 55/200/400 ml,Sữa rửa mặt CeraVe (Mỹ-Pháp),SVR,CeraVe,False,442000.0,332000.0,-0.16275866381521198
516,256,0.0018608113137327876,0.12195121951219512,3.620805821317882,Sữa rửa mặt CeraVe (Mỹ-Pháp),Sữa rửa mặt Cosrx Low pH Good Morning Gel Cleanser,CeraVe,COSRX,False,332000.0,112000.0,0.22135295346421366
256,516,0.0018608113137327876,0.055248618784530384,3.6208058213178815,Sữa rửa mặt Cosrx Low pH Good Morning Gel Cleanser,Sữa rửa mặt CeraVe (Mỹ-Pháp),COSRX,CeraVe,False,112000.0,332000.0,0.22135295346421366
27,544,0.0024190547078526236,0.13402061855670103,3.6011340206185567,Gel rửa mặt Cosrx Low pH Good Morning Gel Cleanser,Sữa rửa mặt dịu nhẹ COSRX pH Good Morning Gel Cleanser 50ml/150ml,COSRX,COSRX,True,69000.0,149000.0,0.6222982456991304
544,27,0.0024190547078526236,0.065,3.6011340206185567,Sữa rửa mặt dịu nhẹ COSRX pH Good Morning Gel Cleanser 50ml/150ml,Gel rửa mặt Cosrx Low pH Good Morning Gel Cleanser,COSRX,COSRX,True,149000.0,69000.0,0.6222982456991304
612,51,0.000744324525493115,0.07017543859649122,3.5916457811194653,Sữa rửa mặt dạng gel COSRX 50ml chiết xuất trà xanh độ pH thấp cho buổi sáng,Sữa Rửa Mặt HadaLabo Advanced Nourish Hyaluron Cleanser 80g,COSRX,Hada Labo,False,90000.0,67500.0,-0.0005566276793597645
805,870,0.0005582433941198362,0.06666666666666667,3.582666666666667,"Sữa rửa mặt Cerave 236ml, 355ml, 473ml cho da dầu, da khô - Cila House",Sữa rửa mặt CeraVe 3oz,CeraVe,CeraVe,True,329000.0,159000.0,0.6561206943709701
612,204,0.0005582433941198362,0.05263157894736842,3.580279813457695,Sữa rửa mặt dạng gel COSRX 50ml chiết xuất trà xanh độ pH thấp cho buổi sáng,SỮA RỬA MẶT SIMPLE GIÚP DƯỠNG ẨM CHO DA TRÔNG KHỎE VÀ MỊN MÀNG 150ML [CHÍNH HÃNG ĐỘC QUYỀN] [DIỆN MẠO MỚI],COSRX,simple,False,90000.0,98000.0,-0.04940852031851104
206,328,0.0013025679196129512,0.1076923076923077,3.572459639126306,[Mã COSACD10 giảm 10% đơn 600K] Bộ sản phẩm làm sạch và bảo vệ da dầu nhạy cảm La RochePosay Effaclar Gel,[Mã COSACD10 giảm 10% đơn 600K] Gel Rửa Mặt Tạo Bọt Làm Sạch Dành Cho Da Dầu Nhạy Cảm La Roche Posay Effaclar 50ml,La Roche-Posay,La Roche-Posay,True,489000.0,189000.0,0.6268093042211446
1772,256,0.0005582433941198362,0.12,3.5628729281767955,Sữa rửa mặt Skin1004 Madagascar Centella Ampoule Foam,Sữa rửa mặt Cosrx Low pH Good Morning Gel Cleanser,SKIN1004,COSRX,False,244000.0,112000.0,-0.0422756607127411
674,1067,0.000744324525493115,0.08,3.4952845528455287,"Sữa Rửa Mặt SVR SEBIACLEAR Gel Moussant, làm sạch, tẩy tế bào chết SVR SEBIACLEAR Gel",Sữa Rửa Mặt CERAVE Đủ Size Đủ Loại Cerave Foaming Facial Cleanser Chính Hãng Từ Mỹ Nhập Máy Bay Chất Lượng Tuyệt Hảo,SVR,CeraVe,False,247500.0,425000.0,-0.08530226042580717
720,256,0.0009304056568663938,0.11627906976744186,3.4523962482333292,Sữa Rửa Mặt Cosrx Low pH Good Morning Gel Cleanser - Gel rửa mặt Cosrx tràm trà dịu nhẹ 150ml,Sữa rửa mặt Cosrx Low pH Good Morning Gel Cleanser,COSRX,COSRX,True,250000.0,112000.0,0.6125201012244127
35,516,0.000744324525493115,0.05263157894736842,3.4492939666238764,Sữa rửa mặt da dầu mụn La Roche Posay Effaclar Purifying Foaming Gel Cleanser,Sữa rửa mặt CeraVe (Mỹ-Pháp),La Roche-Posay,CeraVe,False,335000.0,332000.0,0.2774257544011607
294,285,0.0005582433941198362,0.09375,3.4041385135135136,Sữa Rửa Mặt Dạng Gel Cosrx Low pH Good Morning Gel Cleanser,[Mã FMCGWATDEC1 giảm 8% đơn 250k] Gel Rửa Mặt Cosrx Good Morning Low PH Cleanser 150ml,COSRX,COSRX,True,145000.0,249000.0,0.5780496909992281
376,53,0.0005582433941198362,0.05555555555555555,3.3172839506172838,"Sữa rửa mặt 3W Clinic Hàn Quốc mẫu mới 100ml cấp ẩm, làm sạch da loại bỏ bụi bẩn",Sữa rửa mặt Hazeline Chiết Xuất Thiên Nhiên 100g,3W CLINIC,no_brand,False,26000.0,52000.0,-0.10806239797638338
1423,639,0.0005582433941198362,0.08108108108108109,3.3009828009828013,Sữa rửa mặt dạng gel cosrx low PH good morning gel cleaner,"Sữa rửa mặt SVR chứa PHA dành cho da hỗn hợp, da dầu mụn SVR Sebiaclear Gel Moussant 55ml",no_brand,SVR,False,145000.0,119000.0,0.018490603026761546
693,256,0.0016747301823595087,0.1111111111111111,3.298956414978514,Sữa rửa mặt giảm mụn cho da dầu 2% BHA - ZAPZYT Acne Wash,Sữa rửa mặt Cosrx Low pH Good Morning Gel Cleanser,Zapzyt,COSRX,False,265000.0,112000.0,-0.017443677704453354
38,32,0.0005582433941198362,0.057692307692307696,3.2635627530364375,Sữa Rửa Mặt 3W Clinic Mẫu Mới Hot,Sữa rửa mặt làm sạch ngăn ngừa mụn từ trà xanh 3W CLINIC GREEN TEA CLEANSING FOAM,3W CLINIC,3W CLINIC,True,22500.0,27900.0,0.5818688974582431
1772,544,0.0005582433941198362,0.12,3.2244,Sữa rửa mặt Skin1004 Madagascar Centella Ampoule Foam,Sữa rửa mặt dịu nhẹ COSRX pH Good Morning Gel Cleanser 50ml/150ml,SKIN1004,COSRX,False,244000.0,149000.0,-0.11107299598904094
59,256,0.000744324525493115,0.10810810810810811,3.209795430789906,Sữa rửa mặt Wonder Bath PHA 5.5 tạo bọt dịu nhẹ - phù hợp ngay cả da nhạy cảm 130ml,Sữa rửa mặt Cosrx Low pH Good Morning Gel Cleanser,BYVIBES WONDER BATH,COSRX,False,145000.0,112000.0,0.09180940731492715
1055,1649,0.0005582433941198362,0.05555555555555555,3.1761229314420802,Sữa rửa mặt trắng da mịn màng Himalaya Clear Complexion Whitening Face Wash 150ml,SỮA RỬA MẶT COSRX LOW PH GOOD MORNING GEL CLEANSER,Himalaya,COSRX,False,102000.0,169000.0,-0.18119151153451005
206,672,0.0011164867882396724,0.09230769230769231,3.159627633512984,[Mã COSACD10 giảm 10% đơn 600K] Bộ sản phẩm làm sạch và bảo vệ da dầu nhạy cảm La RochePosay Effaclar Gel,"Sữa rửa mặt La Roche-Posay Effaclar 50ml-400ml cho da dầu, mụn, nhạy cảm - Cila House",La Roche-Posay,La Roche-Posay,True,489000.0,234000.0,0.5103042766610071
663,28,0.003721622627465575,0.11173184357541899,3.14370119044137,Sữa Rửa Mặt Cosrx Low pH Good Morning Gel 150ml,Sữa Rửa Mặt Dạng Gel Cosrx Low pH Good Morning Gel Cleanser,COSRX,COSRX,True,134000.0,103000.0,0.6570551027791346
28,663,0.003721622627465575,0.10471204188481675,3.14370119044137,Sữa Rửa Mặt Dạng Gel Cosrx Low pH Good Morning Gel Cleanser,Sữa Rửa Mặt Cosrx Low pH Good Morning Gel 150ml,COSRX,COSRX,True,103000.0,134000.0,0.6570551027791346
941,361,0.000744324525493115,0.14285714285714285,3.133527696793003,Gel rửa mặt Himalaya Neem ngừa & giảm mụn /Chanh vàng trắng da 150ml,Sữa rửa mặt giảm mụn mờ thâm và sạch dầu thừa Himalaya Purifying Neem Face Wash 150ml,Himalaya,Himalaya,True,64000.0,87000.0,0.4101836059052288
503,237,0.0005582433941198362,0.09375,3.07202743902439,Sữa Rửa Mặt Tạo Bọt Làm Sạch Sâu Cho Da Dầu Senka Perfect Whip U 120g,"Sữa Rửa Mặt Cosrx dạng gel, dịu nhẹ Low pH Good Morning Gel Cleanser 150ml",SENKA,COSRX,False,109500.0,124000.0,-0.1557003777308368
686,237,0.0005582433941198362,0.09090909090909091,2.9789356984478936,"Sữa Rửa Mặt La Roche Posay Dạng Gel Giảm Mụn, Kiềm Dầu Effaclar Gel 50ml","Sữa Rửa Mặt Cosrx dạng gel, dịu nhẹ Low pH Good Morning Gel Cleanser 150ml",La Roche-Posay,COSRX,False,54000.0,124000.0,0.2942968943270094
870,256,0.0018608113137327876,0.1,2.9690607734806633,Sữa rửa mặt CeraVe 3oz,Sữa rửa mặt Cosrx Low pH Good Morning Gel Cleanser,CeraVe,COSRX,False,159000.0,112000.0,0.22040267920821172
256,870,0.0018608113137327876,0.055248618784530384,2.969060773480663,Sữa rửa mặt Cosrx Low pH Good Morning Gel Cleanser,Sữa rửa mặt CeraVe 3oz,COSRX,CeraVe,False,112000.0,159000.0,0.22040267920821172
53,210,0.0011164867882396724,0.06666666666666667,2.8661333333333334,Sữa rửa mặt Hazeline Chiết Xuất Thiên Nhiên 100g,Sữa rửa mặt trắng da L'Oreal Paris Aura Perfect Milk foam 50ml / 100ml,no_brand,L'Oreal Paris,False,52000.0,90000.0,0.13107890599172892
720,663,0.000744324525493115,0.09302325581395349,2.792776406392101,Sữa Rửa Mặt Cosrx Low pH Good Morning Gel Cleanser - Gel rửa mặt Cosrx tràm trà dịu nhẹ 150ml,Sữa Rửa Mặt Cosrx Low pH Good Morning Gel 150ml,COSRX,COSRX,True,250000.0,134000.0,0.5162763383158129
294,256,0.0005582433941198362,0.09375,2.783494475138122,Sữa Rửa Mặt Dạng Gel Cosrx Low pH Good Morning Gel Cleanser,Sữa rửa mặt Cosrx Low pH Good Morning Gel Cleanser,COSRX,COSRX,True,145000.0,112000.0,0.7503931222435277
193,1067,0.0009304056568663938,0.0625,2.7306910569105693,Kem Rửa Mặt Dưỡng Ẩm Cho Mọi Loại Da Hada Labo Advanced Nourish Cream Cleanser 80g dưỡng ẩm tối ưu - Hasaki,Sữa Rửa Mặt CERAVE Đủ Size Đủ Loại Cerave Foaming Facial Cleanser Chính Hãng Từ Mỹ Nhập Máy Bay Chất Lượng Tuyệt Hảo,Hada Labo,CeraVe,False,58000.0,425000.0,-0.05670784026823663
204,210,0.0009304056568663938,0.06329113924050633,2.721012658227848,SỮA RỬA MẶT SIMPLE GIÚP DƯỠNG ẨM CHO DA TRÔNG KHỎE VÀ MỊN MÀNG 150ML [CHÍNH HÃNG ĐỘC QUYỀN] [DIỆN MẠO MỚI],Sữa rửa mặt trắng da L'Oreal Paris Aura Perfect Milk foam 50ml / 100ml,simple,L'Oreal Paris,False,98000.0,90000.0,0.10925755740189921
742,285,0.000744324525493115,0.07407407407407407,2.6896896896896894,Gel rửa mặt giảm mụn Eucerin Pro Acne Cleansing Gel 200ml,[Mã FMCGWATDEC1 giảm 8% đơn 250k] Gel Rửa Mặt Cosrx Good Morning Low PH Cleanser 150ml,Eucerin,COSRX,False,350000.0,249000.0,0.20392846086293934
1847,537,0.0005582433941198362,0.07142857142857142,2.6112730806608355,Sữa rửa mặt Senka Perfect Whip N_Tạo bọt 120g,MÃ FSSSBD29 giảm 15k đến 00h 29.4[HÀNG CHÍNH HÃNG] SỮA RỬA MẶT CETAPHIL,SENKA,Cetaphil,False,94050.0,211000.0,-0.05689155245454028
501,419,0.0005582433941198362,0.08108108108108109,2.5936293436293436,Sữa Rửa Mặt Dành Cho Da Mụn Senka Perfect Whip Acne Care 100g,(CHÍNH HÃNG - ĐÀI LOAN) SỮA RỬA MẶT NARUKO ĐẤT SÉT 3in1 TRÀM TRÀ,SENKA,Naruko,False,76000.0,159000.0,-0.11171485237310672
204,51,0.000744324525493115,0.05063291139240506,2.591440626883665,SỮA RỬA MẶT SIMPLE GIÚP DƯỠNG ẨM CHO DA TRÔNG KHỎE VÀ MỊN MÀNG 150ML [CHÍNH HÃNG ĐỘC QUYỀN] [DIỆN MẠO MỚI],Sữa Rửa Mặt HadaLabo Advanced Nourish Hyaluron Cleanser 80g,simple,Hada Labo,False,98000.0,67500.0,0.16614459266282205
193,51,0.000744324525493115,0.05,2.5590476190476195,Kem Rửa Mặt Dưỡng Ẩm Cho Mọi Loại Da Hada Labo Advanced Nourish Cream Cleanser 80g dưỡng ẩm tối ưu - Hasaki,Sữa Rửa Mặt HadaLabo Advanced Nourish Hyaluron Cleanser 80g,Hada Labo,Hada Labo,True,58000.0,67500.0,0.28486780573084375
612,285,0.000744324525493115,0.07017543859649122,2.548127074442864,Sữa rửa mặt dạng gel COSRX 50ml chiết xuất trà xanh độ pH thấp cho buổi sáng,[Mã FMCGWATDEC1 giảm 8% đơn 250k] Gel Rửa Mặt Cosrx Good Morning Low PH Cleanser 150ml,COSRX,COSRX,True,90000.0,249000.0,0.5783459973862426
294,544,0.0005582433941198362,0.09375,2.5190625,Sữa Rửa Mặt Dạng Gel Cosrx Low pH Good Morning Gel Cleanser,Sữa rửa mặt dịu nhẹ COSRX pH Good Morning Gel Cleanser 50ml/150ml,COSRX,COSRX,True,145000.0,149000.0,0.6179488704766847
344,328,0.000744324525493115,0.07547169811320754,2.5036105287677612,Gel rửa mặt SVR Sebiaclear Gel Moussant không có xà phòng 55/200/400 ml,[Mã COSACD10 giảm 10% đơn 600K] Gel Rửa Mặt Tạo Bọt Làm Sạch Dành Cho Da Dầu Nhạy Cảm La Roche Posay Effaclar 50ml,SVR,La Roche-Posay,False,442000.0,189000.0,0.3276621136057339
215,28,0.0005582433941198362,0.08823529411764706,2.482599322451494,Sữa rửa mặt Hatomugi hạt ý dĩ,Sữa Rửa Mặt Dạng Gel Cosrx Low pH Good Morning Gel Cleanser,HATOMUGI,COSRX,False,60000.0,103000.0,0.046419152659808616
99,106,0.0009304056568663938,0.056179775280898875,2.474673052127464,"Sữa Rửa Mặt Cosrx Low PH Good Morning Gel Cleanser, SRM COSRX Dạng Gel Chiết Từ Dầu Cây Trà "" OAM OFFICIAL""",Sữa rửa mặt BREYLEE cải thiện da mụn đầu đen kiềm dầu làm sạch da 100g,COSRX,BREYLEE,False,110000.0,159600.0,0.14607419708800987
1302,544,0.000744324525493115,0.09090909090909091,2.442727272727273,"Sữa Rửa Mặt Làm Giảm, Ngăn Ngừa Mụn Some By Mi AHA-BHA-PHA 30 Days Miracle Acne Clear Foam 100ml",Sữa rửa mặt dịu nhẹ COSRX pH Good Morning Gel Cleanser 50ml/150ml,Some By Mi,COSRX,False,219000.0,149000.0,0.08628345858762194
805,537,0.0005582433941198362,0.06666666666666667,2.4371882086167798,"Sữa rửa mặt Cerave 236ml, 355ml, 473ml cho da dầu, da khô - Cila House",MÃ FSSSBD29 giảm 15k đến 00h 29.4[HÀNG CHÍNH HÃNG] SỮA RỬA MẶT CETAPHIL,CeraVe,Cetaphil,False,329000.0,211000.0,0.1646842346076622
256,285,0.002232973576479345,0.06629834254143646,2.4073465730924295,Sữa rửa mặt Cosrx Low pH Good Morning Gel Cleanser,[Mã FMCGWATDEC1 giảm 8% đơn 250k] Gel Rửa Mặt Cosrx Good Morning Low PH Cleanser 150ml,COSRX,COSRX,True,112000.0,249000.0,0.5630305402894545
285,256,0.002232973576479345,0.08108108108108109,2.4073465730924295,[Mã FMCGWATDEC1 giảm 8% đơn 250k] Gel Rửa Mặt Cosrx Good Morning Low PH Cleanser 150ml,Sữa rửa mặt Cosrx Low pH Good Morning Gel Cleanser,COSRX,COSRX,True,249000.0,112000.0,0.5630305402894545
50,672,0.0016747301823595087,0.06976744186046512,2.3880906532365573,[Mã COSACD10 giảm 10% đơn 600K] Gel rửa mặt tạo bọt cho da dầu nhạy cảm La RochePosay 400ml,"Sữa rửa mặt La Roche-Posay Effaclar 50ml-400ml cho da dầu, mụn, nhạy cảm - Cila House",La Roche-Posay,La Roche-Posay,True,489000.0,234000.0,0.40969129184511643
672,50,0.0016747301823595087,0.05732484076433121,2.3880906532365573,"Sữa rửa mặt La Roche-Posay Effaclar 50ml-400ml cho da dầu, mụn, nhạy cảm - Cila House",[Mã COSACD10 giảm 10% đơn 600K] Gel rửa mặt tạo bọt cho da dầu nhạy cảm La RochePosay 400ml,La Roche-Posay,La Roche-Posay,True,234000.0,489000.0,0.40969129184511643
1557,419,0.0005582433941198362,0.07317073170731707,2.340592334494773,Sữa Rửa Mặt Tạo Bọt Sukin Signature Foaming Facial Cleanser 125ml,(CHÍNH HÃNG - ĐÀI LOAN) SỮA RỬA MẶT NARUKO ĐẤT SÉT 3in1 TRÀM TRÀ,sukin,Naruko,False,174000.0,159000.0,-0.24169857655791596
32,106,0.0009304056568663938,0.05263157894736842,2.3183779119930974,Sữa rửa mặt làm sạch ngăn ngừa mụn từ trà xanh 3W CLINIC GREEN TEA CLEANSING FOAM,Sữa rửa mặt BREYLEE cải thiện da mụn đầu đen kiềm dầu làm sạch da 100g,3W CLINIC,BREYLEE,False,27900.0,159600.0,0.16831993895475525
720,328,0.0005582433941198362,0.06976744186046512,2.314384151593454,Sữa Rửa Mặt Cosrx Low pH Good Morning Gel Cleanser - Gel rửa mặt Cosrx tràm trà dịu nhẹ 150ml,[Mã COSACD10 giảm 10% đơn 600K] Gel Rửa Mặt Tạo Bọt Làm Sạch Dành Cho Da Dầu Nhạy Cảm La Roche Posay Effaclar 50ml,COSRX,La Roche-Posay,False,250000.0,189000.0,0.41843797486417783
89,328,0.0009304056568663938,0.0684931506849315,2.272112294943345,Sữa rửa mặt dành cho da mụn innisfree Bija Trouble Facial Foam 150g,[Mã COSACD10 giảm 10% đơn 600K] Gel Rửa Mặt Tạo Bọt Làm Sạch Dành Cho Da Dầu Nhạy Cảm La Roche Posay Effaclar 50ml,Innisfree,La Roche-Posay,False,178500.0,189000.0,-0.027557681924661345
344,663,0.000744324525493115,0.07547169811320754,2.2658374617898174,Gel rửa mặt SVR Sebiaclear Gel Moussant không có xà phòng 55/200/400 ml,Sữa Rửa Mặt Cosrx Low pH Good Morning Gel 150ml,SVR,COSRX,False,442000.0,134000.0,0.16588785147055704
264,256,0.0005582433941198362,0.075,2.226795580110497,"Sữa Rửa Mặt Dịu Nhẹ, Lành Tính Không Tạo Bọt Cetaphil Gentle Skin Cleanser",Sữa rửa mặt Cosrx Low pH Good Morning Gel Cleanser,Cetaphil,COSRX,False,241000.0,112000.0,0.13539358424982625
108,663,0.0013025679196129512,0.07368421052631578,2.212172890326374,Sữa Rửa Mặt Cosrx Low pH Good Morning Gel Cleanser 150ml Chính Hãng,Sữa Rửa Mặt Cosrx Low pH Good Morning Gel 150ml,COSRX,COSRX,True,135000.0,134000.0,0.6431528865207168
156,544,0.0005582433941198362,0.07894736842105263,2.1213157894736843,"Gel rửa mặt BHA Compliment No Problem làm sạch sâu, giảm viêm & mụn 200ml",Sữa rửa mặt dịu nhẹ COSRX pH Good Morning Gel Cleanser 50ml/150ml,Compliment,COSRX,False,139000.0,149000.0,0.17481719900475326
629,663,0.0005582433941198362,0.06976744186046512,2.0945823047940757,Sữa Rửa Mặt SENKA Cho Mọi Loại Da  Perfect Whip Facial Foam Wash Hasaki Sản phẩm chính hãng,Sữa Rửa Mặt Cosrx Low pH Good Morning Gel 150ml,SENKA,COSRX,False,87000.0,134000.0,-0.16502461001268456
498,28,0.000744324525493115,0.07407407407407407,2.0841574558852045,"SỮA RỬA MẶT LA ROCHE POSAY CHO DA DẦU, MỤN, NHẠY CẢM EFFACLAR PURIFYING FOAMING GEL CHÍNH HÃNG 100%",Sữa Rửa Mặt Dạng Gel Cosrx Low pH Good Morning Gel Cleanser,La Roche-Posay,COSRX,False,237500.0,103000.0,0.26121916945478757
179,28,0.0013025679196129512,0.07368421052631578,2.0731882061173876,Sữa Rửa Mặt Hada Labo Sữa chính hãng công ty 80g,Sữa Rửa Mặt Dạng Gel Cosrx Low pH Good Morning Gel Cleanser,Hada Labo,COSRX,False,66500.0,103000.0,-0.005079602577260576
108,28,0.0013025679196129512,0.07368421052631578,2.0731882061173876,Sữa Rửa Mặt Cosrx Low pH Good Morning Gel Cleanser 150ml Chính Hãng,Sữa Rửa Mặt Dạng Gel Cosrx Low pH Good Morning Gel Cleanser,COSRX,COSRX,True,135000.0,103000.0,0.6709438694802542
1302,663,0.0005582433941198362,0.06818181818181818,2.046978161503301,"Sữa Rửa Mặt Làm Giảm, Ngăn Ngừa Mụn Some By Mi AHA-BHA-PHA 30 Days Miracle Acne Clear Foam 100ml",Sữa Rửa Mặt Cosrx Low pH Good Morning Gel 150ml,Some By Mi,COSRX,False,219000.0,134000.0,-0.09845349800911753
99,663,0.0011164867882396724,0.06741573033707865,2.0239784068796687,"Sữa Rửa Mặt Cosrx Low PH Good Morning Gel Cleanser, SRM COSRX Dạng Gel Chiết Từ Dầu Cây Trà "" OAM OFFICIAL""",Sữa Rửa Mặt Cosrx Low pH Good Morning Gel 150ml,COSRX,COSRX,True,110000.0,134000.0,0.44942882849791055
89,285,0.000744324525493115,0.0547945205479452,1.9896334690855237,Sữa rửa mặt dành cho da mụn innisfree Bija Trouble Facial Foam 150g,[Mã FMCGWATDEC1 giảm 8% đơn 250k] Gel Rửa Mặt Cosrx Good Morning Low PH Cleanser 150ml,Innisfree,COSRX,False,178500.0,249000.0,0.03077457411321016
35,663,0.0009304056568663938,0.06578947368421052,1.9751543663628344,Sữa rửa mặt da dầu mụn La Roche Posay Effaclar Purifying Foaming Gel Cleanser,Sữa Rửa Mặt Cosrx Low pH Good Morning Gel 150ml,La Roche-Posay,COSRX,False,335000.0,134000.0,0.25334546006289466
397,672,0.0009304056568663938,0.05747126436781609,1.9672011128193865,Sữa rửa mặt Cerave Foaming Facial Cleanser bản Mỹ (Pháp) ANVISHOP Cerave da dầu & Da Khô các size 236ml - 355ml - 473ml,"Sữa rửa mặt La Roche-Posay Effaclar 50ml-400ml cho da dầu, mụn, nhạy cảm - Cila House",CeraVe,La Roche-Posay,False,372500.0,234000.0,0.3103296722184984
720,28,0.0005582433941198362,0.06976744186046512,1.9629855107755998,Sữa Rửa Mặt Cosrx Low pH Good Morning Gel Cleanser - Gel rửa mặt Cosrx tràm trà dịu nhẹ 150ml,Sữa Rửa Mặt Dạng Gel Cosrx Low pH Good Morning Gel Cleanser,COSRX,COSRX,True,250000.0,103000.0,0.6359260609484121
35,256,0.0009304056568663938,0.06578947368421052,1.9533294562372783,Sữa rửa mặt da dầu mụn La Roche Posay Effaclar Purifying Foaming Gel Cleanser,Sữa rửa mặt Cosrx Low pH Good Morning Gel Cleanser,La Roche-Posay,COSRX,False,335000.0,112000.0,0.14164014632094923
663,544,0.0024190547078526236,0.07262569832402235,1.9514525139664807,Sữa Rửa Mặt Cosrx Low pH Good Morning Gel 150ml,Sữa rửa mặt dịu nhẹ COSRX pH Good Morning Gel Cleanser 50ml/150ml,COSRX,COSRX,True,134000.0,149000.0,0.546047061659311
544,663,0.0024190547078526236,0.065,1.9514525139664805,Sữa rửa mặt dịu nhẹ COSRX pH Good Morning Gel Cleanser 50ml/150ml,Sữa Rửa Mặt Cosrx Low pH Good Morning Gel 150ml,COSRX,COSRX,True,149000.0,134000.0,0.546047061659311
544,256,0.0024190547078526236,0.065,1.929889502762431,Sữa rửa mặt dịu nhẹ COSRX pH Good Morning Gel Cleanser 50ml/150ml,Sữa rửa mặt Cosrx Low pH Good Morning Gel Cleanser,COSRX,COSRX,True,149000.0,112000.0,0.68881791176942
256,544,0.0024190547078526236,0.0718232044198895,1.929889502762431,Sữa rửa mặt Cosrx Low pH Good Morning Gel Cleanser,Sữa rửa mặt dịu nhẹ COSRX pH Good Morning Gel Cleanser 50ml/150ml,COSRX,COSRX,True,112000.0,149000.0,0.68881791176942
419,544,0.002232973576479345,0.07142857142857142,1.9192857142857143,(CHÍNH HÃNG - ĐÀI LOAN) SỮA RỬA MẶT NARUKO ĐẤT SÉT 3in1 TRÀM TRÀ,Sữa rửa mặt dịu nhẹ COSRX pH Good Morning Gel Cleanser 50ml/150ml,Naruko,COSRX,False,159000.0,149000.0,-0.1616726037339669
544,419,0.002232973576479345,0.06,1.919285714285714,Sữa rửa mặt dịu nhẹ COSRX pH Good Morning Gel Cleanser 50ml/150ml,(CHÍNH HÃNG - ĐÀI LOAN) SỮA RỬA MẶT NARUKO ĐẤT SÉT 3in1 TRÀM TRÀ,COSRX,Naruko,False,149000.0,159000.0,-0.1616726037339669
498,672,0.0005582433941198362,0.05555555555555555,1.9016277423920736,"SỮA RỬA MẶT LA ROCHE POSAY CHO DA DẦU, MỤN, NHẠY CẢM EFFACLAR PURIFYING FOAMING GEL CHÍNH HÃNG 100%","Sữa rửa mặt La Roche-Posay Effaclar 50ml-400ml cho da dầu, mụn, nhạy cảm - Cila House",La Roche-Posay,La Roche-Posay,True,237500.0,234000.0,0.45904038213966175
1557,1612,0.0005582433941198362,0.07317073170731707,1.8814330727039328,Sữa Rửa Mặt Tạo Bọt Sukin Signature Foaming Facial Cleanser 125ml,[ HB - Gift] Sữa rửa mặt loại bỏ mụn lá neem Himalaya Purifying Neem Face Wash 50ml,sukin,Himalaya,False,174000.0,65000.0,-0.005626737999121401
27,663,0.0011164867882396724,0.061855670103092786,1.857052352704026,Gel rửa mặt Cosrx Low pH Good Morning Gel Cleanser,Sữa Rửa Mặt Cosrx Low pH Good Morning Gel 150ml,COSRX,COSRX,True,69000.0,134000.0,0.5887732413904803
498,328,0.0005582433941198362,0.05555555555555555,1.8429355281207132,"SỮA RỬA MẶT LA ROCHE POSAY CHO DA DẦU, MỤN, NHẠY CẢM EFFACLAR PURIFYING FOAMING GEL CHÍNH HÃNG 100%",[Mã COSACD10 giảm 10% đơn 600K] Gel Rửa Mặt Tạo Bọt Làm Sạch Dành Cho Da Dầu Nhạy Cảm La Roche Posay Effaclar 50ml,La Roche-Posay,La Roche-Posay,True,237500.0,189000.0,0.5815606918831849
82,672,0.000744324525493115,0.05263157894736842,1.8015420717398591,Cetaphil Sữa Rửa Mặt Gentle Skin Cleanser (mới),"Sữa rửa mặt La Roche-Posay Effaclar 50ml-400ml cho da dầu, mụn, nhạy cảm - Cila House",Cetaphil,La Roche-Posay,False,345000.0,234000.0,0.03633050022437381
1649,28,0.0011164867882396724,0.06382978723404255,1.7959229141138464,SỮA RỬA MẶT COSRX LOW PH GOOD MORNING GEL CLEANSER,Sữa Rửa Mặt Dạng Gel Cosrx Low pH Good Morning Gel Cleanser,COSRX,COSRX,True,169000.0,103000.0,0.5375306005338559
537,237,0.00148864905098623,0.05442176870748299,1.783308445329351,MÃ FSSSBD29 giảm 15k đến 00h 29.4[HÀNG CHÍNH HÃNG] SỮA RỬA MẶT CETAPHIL,"Sữa Rửa Mặt Cosrx dạng gel, dịu nhẹ Low pH Good Morning Gel Cleanser 150ml",Cetaphil,COSRX,False,211000.0,124000.0,0.15338386257790365
108,544,0.0011164867882396724,0.06315789473684211,1.6970526315789476,Sữa Rửa Mặt Cosrx Low pH Good Morning Gel Cleanser 150ml Chính Hãng,Sữa rửa mặt dịu nhẹ COSRX pH Good Morning Gel Cleanser 50ml/150ml,COSRX,COSRX,True,135000.0,149000.0,0.7573744416366122
672,328,0.00148864905098623,0.050955414012738856,1.6903357710151767,"Sữa rửa mặt La Roche-Posay Effaclar 50ml-400ml cho da dầu, mụn, nhạy cảm - Cila House",[Mã COSACD10 giảm 10% đơn 600K] Gel Rửa Mặt Tạo Bọt Làm Sạch Dành Cho Da Dầu Nhạy Cảm La Roche Posay Effaclar 50ml,La Roche-Posay,La Roche-Posay,True,234000.0,189000.0,0.3880419041000357
516,544,0.0009304056568663938,0.06097560975609756,1.6384146341463415,Sữa rửa mặt CeraVe (Mỹ-Pháp),Sữa rửa mặt dịu nhẹ COSRX pH Good Morning Gel Cleanser 50ml/150ml,CeraVe,COSRX,False,332000.0,149000.0,0.12186243678838739
729,361,0.000744324525493115,0.07272727272727272,1.5952504638218925,"Gel rửa mặt Bielenda Green Tea 200ml làm sạch sâu, kiềm dầu, giảm mụn",Sữa rửa mặt giảm mụn mờ thâm và sạch dầu thừa Himalaya Purifying Neem Face Wash 150ml,Bielenda,Himalaya,False,180000.0,87000.0,0.16715575238005928
99,28,0.0009304056568663938,0.056179775280898875,1.5806812165421495,"Sữa Rửa Mặt Cosrx Low PH Good Morning Gel Cleanser, SRM COSRX Dạng Gel Chiết Từ Dầu Cây Trà "" OAM OFFICIAL""",Sữa Rửa Mặt Dạng Gel Cosrx Low pH Good Morning Gel Cleanser,COSRX,COSRX,True,110000.0,103000.0,0.586734320227701
495,361,0.0009304056568663938,0.07142857142857142,1.5667638483965014,"Sữa rửa mặt - Gel NO PROBLEM Compliment chứa Tea Tree Salicylic Acid,giảm viêm , mụn",Sữa rửa mặt giảm mụn mờ thâm và sạch dầu thừa Himalaya Purifying Neem Face Wash 150ml,no_brand,Himalaya,False,101000.0,87000.0,-0.09311772530661754
108,256,0.0009304056568663938,0.05263157894736842,1.5626635649898226,Sữa Rửa Mặt Cosrx Low pH Good Morning Gel Cleanser 150ml Chính Hãng,Sữa rửa mặt Cosrx Low pH Good Morning Gel Cleanser,COSRX,COSRX,True,135000.0,112000.0,0.685600562536577
256,28,0.0018608113137327876,0.055248618784530384,1.5544820803563681,Sữa rửa mặt Cosrx Low pH Good Morning Gel Cleanser,Sữa Rửa Mặt Dạng Gel Cosrx Low pH Good Morning Gel Cleanser,COSRX,COSRX,True,112000.0,103000.0,0.596483116598485
28,256,0.0018608113137327876,0.05235602094240838,1.5544820803563681,Sữa Rửa Mặt Dạng Gel Cosrx Low pH Good Morning Gel Cleanser,Sữa rửa mặt Cosrx Low pH Good Morning Gel Cleanser,COSRX,COSRX,True,103000.0,112000.0,0.596483116598485
27,28,0.0009304056568663938,0.05154639175257732,1.4503157553840342,Gel rửa mặt Cosrx Low pH Good Morning Gel Cleanser,Sữa Rửa Mặt Dạng Gel Cosrx Low pH Good Morning Gel Cleanser,COSRX,COSRX,True,69000.0,103000.0,0.6096883713030694
1649,544,0.0009304056568663938,0.05319148936170213,1.4292553191489363,SỮA RỬA MẶT COSRX LOW PH GOOD MORNING GEL CLEANSER,Sữa rửa mặt dịu nhẹ COSRX pH Good Morning Gel Cleanser 50ml/150ml,COSRX,COSRX,True,169000.0,149000.0,0.427148982995977
89,1612,0.000744324525493115,0.0547945205479452,1.4089270498787443,Sữa rửa mặt dành cho da mụn innisfree Bija Trouble Facial Foam 150g,[ HB - Gift] Sữa rửa mặt loại bỏ mụn lá neem Himalaya Purifying Neem Face Wash 50ml,Innisfree,Himalaya,False,178500.0,65000.0,0.08256224838010613
193,28,0.000744324525493115,0.05,1.4068062827225132,Kem Rửa Mặt Dưỡng Ẩm Cho Mọi Loại Da Hada Labo Advanced Nourish Cream Cleanser 80g dưỡng ẩm tối ưu - Hasaki,Sữa Rửa Mặt Dạng Gel Cosrx Low pH Good Morning Gel Cleanser,Hada Labo,COSRX,False,58000.0,103000.0,0.030285442924554103
